<?xml version="1.0" encoding="UTF-8"?>
<xmi:XMI xmi:version="2.0" xmlns:xmi="http://www.omg.org/XMI" xmlns:TalendProperties="http://www.talend.org/properties">
  <TalendProperties:Property xmi:id="_njUiUcqtEe-HfbEhwnGRrw" id="_njUiUMqtEe-HfbEhwnGRrw" label="DeltaLakeDropTable" version="0.1" item="_njUiU8qtEe-HfbEhwnGRrw">
    <author href="../../../talend.project#_mXiEoMqtEe-HfbEhwnGRrw"/>
    <additionalProperties xmi:id="_njUiVMqtEe-HfbEhwnGRrw" key="created_product_fullname" value="Talend Open Studio for Data Integration"/>
    <additionalProperties xmi:id="_njUiVcqtEe-HfbEhwnGRrw" key="created_product_version" value="8.0.1.20211109_1610"/>
    <additionalProperties xmi:id="_njUiVsqtEe-HfbEhwnGRrw" key="created_date" value="2025-01-04T16:07:30.421+0100"/>
    <additionalProperties xmi:id="_njUiV8qtEe-HfbEhwnGRrw" key="modified_product_fullname" value="Talend Open Studio for Data Integration"/>
    <additionalProperties xmi:id="_njUiWMqtEe-HfbEhwnGRrw" key="modified_product_version" value="8.0.1.20211109_1610"/>
    <additionalProperties xmi:id="_njUiWcqtEe-HfbEhwnGRrw" key="modified_date" value="2025-01-04T16:07:30.421+0100"/>
  </TalendProperties:Property>
  <TalendProperties:ItemState xmi:id="_njUiUsqtEe-HfbEhwnGRrw" path="DeltaLake/system"/>
  <TalendProperties:SQLPatternItem xmi:id="_njUiU8qtEe-HfbEhwnGRrw" property="_njUiUcqtEe-HfbEhwnGRrw" state="_njUiUsqtEe-HfbEhwnGRrw" system="true" eltName="DeltaLake">
    <content href="DeltaLakeDropTable_0.1.item#/"/>
  </TalendProperties:SQLPatternItem>
</xmi:XMI>
