<?xml version="1.0" encoding="UTF-8"?>
<xmi:XMI xmi:version="2.0" xmlns:xmi="http://www.omg.org/XMI" xmlns:TalendProperties="http://www.talend.org/properties">
  <TalendProperties:Property xmi:id="_njKKQMqtEe-HfbEhwnGRrw" id="_njAZVcqtEe-HfbEhwnGRrw" label="DeltaLakeCreateTable" version="0.1" item="_njKKQsqtEe-HfbEhwnGRrw">
    <author href="../../../talend.project#_mXiEoMqtEe-HfbEhwnGRrw"/>
    <additionalProperties xmi:id="_njKKQ8qtEe-HfbEhwnGRrw" key="created_product_fullname" value="Talend Open Studio for Data Integration"/>
    <additionalProperties xmi:id="_njKKRMqtEe-HfbEhwnGRrw" key="created_product_version" value="8.0.1.20211109_1610"/>
    <additionalProperties xmi:id="_njKKRcqtEe-HfbEhwnGRrw" key="created_date" value="2025-01-04T16:07:30.404+0100"/>
    <additionalProperties xmi:id="_njKKRsqtEe-HfbEhwnGRrw" key="modified_product_fullname" value="Talend Open Studio for Data Integration"/>
    <additionalProperties xmi:id="_njKKR8qtEe-HfbEhwnGRrw" key="modified_product_version" value="8.0.1.20211109_1610"/>
    <additionalProperties xmi:id="_njKKSMqtEe-HfbEhwnGRrw" key="modified_date" value="2025-01-04T16:07:30.404+0100"/>
  </TalendProperties:Property>
  <TalendProperties:ItemState xmi:id="_njKKQcqtEe-HfbEhwnGRrw" path="DeltaLake/system"/>
  <TalendProperties:SQLPatternItem xmi:id="_njKKQsqtEe-HfbEhwnGRrw" property="_njKKQMqtEe-HfbEhwnGRrw" state="_njKKQcqtEe-HfbEhwnGRrw" system="true" eltName="DeltaLake">
    <content href="DeltaLakeCreateTable_0.1.item#/"/>
  </TalendProperties:SQLPatternItem>
</xmi:XMI>
