<?xml version="1.0" encoding="UTF-8"?>
<xmi:XMI xmi:version="2.0" xmlns:xmi="http://www.omg.org/XMI" xmlns:TalendProperties="http://www.talend.org/properties">
  <TalendProperties:Property xmi:id="_nkPIUMqtEe-HfbEhwnGRrw" id="_nkMFAMqtEe-HfbEhwnGRrw" label="DeltaLakeFilterRows" version="0.1" item="_nkPIUsqtEe-HfbEhwnGRrw">
    <author href="../../../talend.project#_mXiEoMqtEe-HfbEhwnGRrw"/>
    <additionalProperties xmi:id="_nkQWcMqtEe-HfbEhwnGRrw" key="created_product_fullname" value="Talend Open Studio for Data Integration"/>
    <additionalProperties xmi:id="_nkQWccqtEe-HfbEhwnGRrw" key="created_product_version" value="8.0.1.20211109_1610"/>
    <additionalProperties xmi:id="_nkQWcsqtEe-HfbEhwnGRrw" key="created_date" value="2025-01-04T16:07:30.519+0100"/>
    <additionalProperties xmi:id="_nkQWc8qtEe-HfbEhwnGRrw" key="modified_product_fullname" value="Talend Open Studio for Data Integration"/>
    <additionalProperties xmi:id="_nkQWdMqtEe-HfbEhwnGRrw" key="modified_product_version" value="8.0.1.20211109_1610"/>
    <additionalProperties xmi:id="_nkQ9gMqtEe-HfbEhwnGRrw" key="modified_date" value="2025-01-04T16:07:30.519+0100"/>
  </TalendProperties:Property>
  <TalendProperties:ItemState xmi:id="_nkPIUcqtEe-HfbEhwnGRrw" path="DeltaLake/system"/>
  <TalendProperties:SQLPatternItem xmi:id="_nkPIUsqtEe-HfbEhwnGRrw" property="_nkPIUMqtEe-HfbEhwnGRrw" state="_nkPIUcqtEe-HfbEhwnGRrw" system="true" eltName="DeltaLake">
    <content href="DeltaLakeFilterRows_0.1.item#/"/>
  </TalendProperties:SQLPatternItem>
</xmi:XMI>
