<?xml version="1.0" encoding="UTF-8"?>
<xmi:XMI xmi:version="2.0" xmlns:xmi="http://www.omg.org/XMI" xmlns:TalendProperties="http://www.talend.org/properties">
  <TalendProperties:Property xmi:id="_njceIcqtEe-HfbEhwnGRrw" id="_njceIMqtEe-HfbEhwnGRrw" label="DeltaLakeFilterColumns" version="0.1" item="_njceI8qtEe-HfbEhwnGRrw">
    <author href="../../../talend.project#_mXiEoMqtEe-HfbEhwnGRrw"/>
    <additionalProperties xmi:id="_njloEMqtEe-HfbEhwnGRrw" key="created_product_fullname" value="Talend Open Studio for Data Integration"/>
    <additionalProperties xmi:id="_njloEcqtEe-HfbEhwnGRrw" key="created_product_version" value="8.0.1.20211109_1610"/>
    <additionalProperties xmi:id="_njloEsqtEe-HfbEhwnGRrw" key="created_date" value="2025-01-04T16:07:30.449+0100"/>
    <additionalProperties xmi:id="_njloE8qtEe-HfbEhwnGRrw" key="modified_product_fullname" value="Talend Open Studio for Data Integration"/>
    <additionalProperties xmi:id="_njloFMqtEe-HfbEhwnGRrw" key="modified_product_version" value="8.0.1.20211109_1610"/>
    <additionalProperties xmi:id="_njvZEMqtEe-HfbEhwnGRrw" key="modified_date" value="2025-01-04T16:07:30.449+0100"/>
  </TalendProperties:Property>
  <TalendProperties:ItemState xmi:id="_njceIsqtEe-HfbEhwnGRrw" path="DeltaLake/system"/>
  <TalendProperties:SQLPatternItem xmi:id="_njceI8qtEe-HfbEhwnGRrw" property="_njceIcqtEe-HfbEhwnGRrw" state="_njceIsqtEe-HfbEhwnGRrw" system="true" eltName="DeltaLake">
    <content href="DeltaLakeFilterColumns_0.1.item#/"/>
  </TalendProperties:SQLPatternItem>
</xmi:XMI>
