<?xml version="1.0" encoding="UTF-8"?>
<xmi:XMI xmi:version="2.0" xmlns:xmi="http://www.omg.org/XMI" xmlns:TalendProperties="http://www.talend.org/properties">
  <TalendProperties:Property xmi:id="_njAZQsqtEe-HfbEhwnGRrw" id="_njAZQcqtEe-HfbEhwnGRrw" label="DeltaLakeAggregate" version="0.1" item="_njAZRMqtEe-HfbEhwnGRrw">
    <author href="../../../talend.project#_mXiEoMqtEe-HfbEhwnGRrw"/>
    <additionalProperties xmi:id="_njAZRcqtEe-HfbEhwnGRrw" key="created_product_fullname" value="Talend Open Studio for Data Integration"/>
    <additionalProperties xmi:id="_njAZRsqtEe-HfbEhwnGRrw" key="created_product_version" value="8.0.1.20211109_1610"/>
    <additionalProperties xmi:id="_njAZR8qtEe-HfbEhwnGRrw" key="created_date" value="2025-01-04T16:07:30.388+0100"/>
    <additionalProperties xmi:id="_njAZSMqtEe-HfbEhwnGRrw" key="modified_product_fullname" value="Talend Open Studio for Data Integration"/>
    <additionalProperties xmi:id="_njAZScqtEe-HfbEhwnGRrw" key="modified_product_version" value="8.0.1.20211109_1610"/>
    <additionalProperties xmi:id="_njAZSsqtEe-HfbEhwnGRrw" key="modified_date" value="2025-01-04T16:07:30.388+0100"/>
  </TalendProperties:Property>
  <TalendProperties:ItemState xmi:id="_njAZQ8qtEe-HfbEhwnGRrw" path="DeltaLake/system"/>
  <TalendProperties:SQLPatternItem xmi:id="_njAZRMqtEe-HfbEhwnGRrw" property="_njAZQsqtEe-HfbEhwnGRrw" state="_njAZQ8qtEe-HfbEhwnGRrw" system="true" eltName="DeltaLake">
    <content href="DeltaLakeAggregate_0.1.item#/"/>
  </TalendProperties:SQLPatternItem>
</xmi:XMI>
