<?xml version="1.0" encoding="UTF-8"?>
<xmi:XMI xmi:version="2.0" xmlns:xmi="http://www.omg.org/XMI" xmlns:TalendProperties="http://www.talend.org/properties">
  <TalendProperties:Property xmi:id="_nkSLocqtEe-HfbEhwnGRrw" id="_nkSLoMqtEe-HfbEhwnGRrw" label="DeltaLakeMerge" version="0.1" item="_nkSLo8qtEe-HfbEhwnGRrw">
    <author href="../../../talend.project#_mXiEoMqtEe-HfbEhwnGRrw"/>
    <additionalProperties xmi:id="_nkSLpMqtEe-HfbEhwnGRrw" key="created_product_fullname" value="Talend Open Studio for Data Integration"/>
    <additionalProperties xmi:id="_nkSLpcqtEe-HfbEhwnGRrw" key="created_product_version" value="8.0.1.20211109_1610"/>
    <additionalProperties xmi:id="_nkSLpsqtEe-HfbEhwnGRrw" key="created_date" value="2025-01-04T16:07:30.522+0100"/>
    <additionalProperties xmi:id="_nkSLp8qtEe-HfbEhwnGRrw" key="modified_product_fullname" value="Talend Open Studio for Data Integration"/>
    <additionalProperties xmi:id="_nkSLqMqtEe-HfbEhwnGRrw" key="modified_product_version" value="8.0.1.20211109_1610"/>
    <additionalProperties xmi:id="_nkSLqcqtEe-HfbEhwnGRrw" key="modified_date" value="2025-01-04T16:07:30.522+0100"/>
  </TalendProperties:Property>
  <TalendProperties:ItemState xmi:id="_nkSLosqtEe-HfbEhwnGRrw" path="DeltaLake/system"/>
  <TalendProperties:SQLPatternItem xmi:id="_nkSLo8qtEe-HfbEhwnGRrw" property="_nkSLocqtEe-HfbEhwnGRrw" state="_nkSLosqtEe-HfbEhwnGRrw" system="true" eltName="DeltaLake">
    <content href="DeltaLakeMerge_0.1.item#/"/>
  </TalendProperties:SQLPatternItem>
</xmi:XMI>
