<?xml version="1.0" encoding="UTF-8"?>
<xmi:XMI xmi:version="2.0" xmlns:xmi="http://www.omg.org/XMI" xmlns:TalendProperties="http://www.talend.org/properties">
  <TalendProperties:Property xmi:id="_njAZTMqtEe-HfbEhwnGRrw" id="_njAZS8qtEe-HfbEhwnGRrw" label="DeltaLakeCreateDeltaTable" version="0.1" item="_njAZTsqtEe-HfbEhwnGRrw">
    <author href="../../../talend.project#_mXiEoMqtEe-HfbEhwnGRrw"/>
    <additionalProperties xmi:id="_njAZT8qtEe-HfbEhwnGRrw" key="created_product_fullname" value="Talend Open Studio for Data Integration"/>
    <additionalProperties xmi:id="_njAZUMqtEe-HfbEhwnGRrw" key="created_product_version" value="8.0.1.20211109_1610"/>
    <additionalProperties xmi:id="_njAZUcqtEe-HfbEhwnGRrw" key="created_date" value="2025-01-04T16:07:30.388+0100"/>
    <additionalProperties xmi:id="_njAZUsqtEe-HfbEhwnGRrw" key="modified_product_fullname" value="Talend Open Studio for Data Integration"/>
    <additionalProperties xmi:id="_njAZU8qtEe-HfbEhwnGRrw" key="modified_product_version" value="8.0.1.20211109_1610"/>
    <additionalProperties xmi:id="_njAZVMqtEe-HfbEhwnGRrw" key="modified_date" value="2025-01-04T16:07:30.388+0100"/>
  </TalendProperties:Property>
  <TalendProperties:ItemState xmi:id="_njAZTcqtEe-HfbEhwnGRrw" path="DeltaLake/system"/>
  <TalendProperties:SQLPatternItem xmi:id="_njAZTsqtEe-HfbEhwnGRrw" property="_njAZTMqtEe-HfbEhwnGRrw" state="_njAZTcqtEe-HfbEhwnGRrw" system="true" eltName="DeltaLake">
    <content href="DeltaLakeCreateDeltaTable_0.1.item#/"/>
  </TalendProperties:SQLPatternItem>
</xmi:XMI>
