<?xml version="1.0" encoding="UTF-8"?>
<xmi:XMI xmi:version="2.0" xmlns:xmi="http://www.omg.org/XMI" xmlns:TalendProperties="http://www.talend.org/properties">
  <TalendProperties:Property xmi:id="_nl24-sqtEe-HfbEhwnGRrw" id="_nl24-cqtEe-HfbEhwnGRrw" label="HiveCreateTargetTable" version="0.1" item="_nl24_MqtEe-HfbEhwnGRrw">
    <author href="../../../talend.project#_mXiEoMqtEe-HfbEhwnGRrw"/>
    <additionalProperties xmi:id="_nl24_cqtEe-HfbEhwnGRrw" key="created_product_fullname" value="Talend Open Studio for Data Integration"/>
    <additionalProperties xmi:id="_nl24_sqtEe-HfbEhwnGRrw" key="created_product_version" value="8.0.1.20211109_1610"/>
    <additionalProperties xmi:id="_nl24_8qtEe-HfbEhwnGRrw" key="created_date" value="2025-01-04T16:07:30.687+0100"/>
    <additionalProperties xmi:id="_nl25AMqtEe-HfbEhwnGRrw" key="modified_product_fullname" value="Talend Open Studio for Data Integration"/>
    <additionalProperties xmi:id="_nl25AcqtEe-HfbEhwnGRrw" key="modified_product_version" value="8.0.1.20211109_1610"/>
    <additionalProperties xmi:id="_nl25AsqtEe-HfbEhwnGRrw" key="modified_date" value="2025-01-04T16:07:30.687+0100"/>
  </TalendProperties:Property>
  <TalendProperties:ItemState xmi:id="_nl24-8qtEe-HfbEhwnGRrw" path="Hive/system"/>
  <TalendProperties:SQLPatternItem xmi:id="_nl24_MqtEe-HfbEhwnGRrw" property="_nl24-sqtEe-HfbEhwnGRrw" state="_nl24-8qtEe-HfbEhwnGRrw" system="true" eltName="Hive">
    <content href="HiveCreateTargetTable_0.1.item#/"/>
  </TalendProperties:SQLPatternItem>
</xmi:XMI>
