<?xml version="1.0" encoding="UTF-8"?>
<xmi:XMI xmi:version="2.0" xmlns:xmi="http://www.omg.org/XMI" xmlns:TalendProperties="http://www.talend.org/properties">
  <TalendProperties:Property xmi:id="_nl25BMqtEe-HfbEhwnGRrw" id="_nl25A8qtEe-HfbEhwnGRrw" label="HiveDropSourceTable" version="0.1" item="_nl25BsqtEe-HfbEhwnGRrw">
    <author href="../../../talend.project#_mXiEoMqtEe-HfbEhwnGRrw"/>
    <additionalProperties xmi:id="_nmAp8MqtEe-HfbEhwnGRrw" key="created_product_fullname" value="Talend Open Studio for Data Integration"/>
    <additionalProperties xmi:id="_nmAp8cqtEe-HfbEhwnGRrw" key="created_product_version" value="8.0.1.20211109_1610"/>
    <additionalProperties xmi:id="_nmAp8sqtEe-HfbEhwnGRrw" key="created_date" value="2025-01-04T16:07:30.703+0100"/>
    <additionalProperties xmi:id="_nmAp88qtEe-HfbEhwnGRrw" key="modified_product_fullname" value="Talend Open Studio for Data Integration"/>
    <additionalProperties xmi:id="_nmAp9MqtEe-HfbEhwnGRrw" key="modified_product_version" value="8.0.1.20211109_1610"/>
    <additionalProperties xmi:id="_nmAp9cqtEe-HfbEhwnGRrw" key="modified_date" value="2025-01-04T16:07:30.703+0100"/>
  </TalendProperties:Property>
  <TalendProperties:ItemState xmi:id="_nl25BcqtEe-HfbEhwnGRrw" path="Hive/system"/>
  <TalendProperties:SQLPatternItem xmi:id="_nl25BsqtEe-HfbEhwnGRrw" property="_nl25BMqtEe-HfbEhwnGRrw" state="_nl25BcqtEe-HfbEhwnGRrw" system="true" eltName="Hive">
    <content href="HiveDropSourceTable_0.1.item#/"/>
  </TalendProperties:SQLPatternItem>
</xmi:XMI>
