<?xml version="1.0" encoding="UTF-8"?>
<xmi:XMI xmi:version="2.0" xmlns:xmi="http://www.omg.org/XMI" xmlns:TalendProperties="http://www.talend.org/properties">
  <TalendProperties:Property xmi:id="_nmAp98qtEe-HfbEhwnGRrw" id="_nmAp9sqtEe-HfbEhwnGRrw" label="HiveDropTargetTable" version="0.1" item="_nmAp-cqtEe-HfbEhwnGRrw">
    <author href="../../../talend.project#_mXiEoMqtEe-HfbEhwnGRrw"/>
    <additionalProperties xmi:id="_nmAp-sqtEe-HfbEhwnGRrw" key="created_product_fullname" value="Talend Open Studio for Data Integration"/>
    <additionalProperties xmi:id="_nmAp-8qtEe-HfbEhwnGRrw" key="created_product_version" value="8.0.1.20211109_1610"/>
    <additionalProperties xmi:id="_nmAp_MqtEe-HfbEhwnGRrw" key="created_date" value="2025-01-04T16:07:30.703+0100"/>
    <additionalProperties xmi:id="_nmAp_cqtEe-HfbEhwnGRrw" key="modified_product_fullname" value="Talend Open Studio for Data Integration"/>
    <additionalProperties xmi:id="_nmAp_sqtEe-HfbEhwnGRrw" key="modified_product_version" value="8.0.1.20211109_1610"/>
    <additionalProperties xmi:id="_nmAp_8qtEe-HfbEhwnGRrw" key="modified_date" value="2025-01-04T16:07:30.703+0100"/>
  </TalendProperties:Property>
  <TalendProperties:ItemState xmi:id="_nmAp-MqtEe-HfbEhwnGRrw" path="Hive/system"/>
  <TalendProperties:SQLPatternItem xmi:id="_nmAp-cqtEe-HfbEhwnGRrw" property="_nmAp98qtEe-HfbEhwnGRrw" state="_nmAp-MqtEe-HfbEhwnGRrw" system="true" eltName="Hive">
    <content href="HiveDropTargetTable_0.1.item#/"/>
  </TalendProperties:SQLPatternItem>
</xmi:XMI>
