<?xml version="1.0" encoding="UTF-8"?>
<xmi:XMI xmi:version="2.0" xmlns:xmi="http://www.omg.org/XMI" xmlns:TalendProperties="http://www.talend.org/properties">
  <TalendProperties:Property xmi:id="_nliv4MqtEe-HfbEhwnGRrw" id="_nlY-88qtEe-HfbEhwnGRrw" label="HiveAggregate" version="0.1" item="_nliv4sqtEe-HfbEhwnGRrw">
    <author href="../../../talend.project#_mXiEoMqtEe-HfbEhwnGRrw"/>
    <additionalProperties xmi:id="_nltH8MqtEe-HfbEhwnGRrw" key="created_product_fullname" value="Talend Open Studio for Data Integration"/>
    <additionalProperties xmi:id="_nltH8cqtEe-HfbEhwnGRrw" key="created_product_version" value="8.0.1.20211109_1610"/>
    <additionalProperties xmi:id="_nltH8sqtEe-HfbEhwnGRrw" key="created_date" value="2025-01-04T16:07:30.671+0100"/>
    <additionalProperties xmi:id="_nltH88qtEe-HfbEhwnGRrw" key="modified_product_fullname" value="Talend Open Studio for Data Integration"/>
    <additionalProperties xmi:id="_nltH9MqtEe-HfbEhwnGRrw" key="modified_product_version" value="8.0.1.20211109_1610"/>
    <additionalProperties xmi:id="_nltH9cqtEe-HfbEhwnGRrw" key="modified_date" value="2025-01-04T16:07:30.671+0100"/>
  </TalendProperties:Property>
  <TalendProperties:ItemState xmi:id="_nliv4cqtEe-HfbEhwnGRrw" path="Hive/system"/>
  <TalendProperties:SQLPatternItem xmi:id="_nliv4sqtEe-HfbEhwnGRrw" property="_nliv4MqtEe-HfbEhwnGRrw" state="_nliv4cqtEe-HfbEhwnGRrw" system="true" eltName="Hive">
    <content href="HiveAggregate_0.1.item#/"/>
  </TalendProperties:SQLPatternItem>
</xmi:XMI>
