<?xml version="1.0" encoding="UTF-8"?>
<xmi:XMI xmi:version="2.0" xmlns:xmi="http://www.omg.org/XMI" xmlns:TalendProperties="http://www.talend.org/properties">
  <TalendProperties:Property xmi:id="_nmJz4cqtEe-HfbEhwnGRrw" id="_nmJz4MqtEe-HfbEhwnGRrw" label="HiveFilterRow" version="0.1" item="_nmJz48qtEe-HfbEhwnGRrw">
    <author href="../../../talend.project#_mXiEoMqtEe-HfbEhwnGRrw"/>
    <additionalProperties xmi:id="_nmJz5MqtEe-HfbEhwnGRrw" key="created_product_fullname" value="Talend Open Studio for Data Integration"/>
    <additionalProperties xmi:id="_nmJz5cqtEe-HfbEhwnGRrw" key="created_product_version" value="8.0.1.20211109_1610"/>
    <additionalProperties xmi:id="_nmJz5sqtEe-HfbEhwnGRrw" key="created_date" value="2025-01-04T16:07:30.718+0100"/>
    <additionalProperties xmi:id="_nmJz58qtEe-HfbEhwnGRrw" key="modified_product_fullname" value="Talend Open Studio for Data Integration"/>
    <additionalProperties xmi:id="_nmJz6MqtEe-HfbEhwnGRrw" key="modified_product_version" value="8.0.1.20211109_1610"/>
    <additionalProperties xmi:id="_nmJz6cqtEe-HfbEhwnGRrw" key="modified_date" value="2025-01-04T16:07:30.718+0100"/>
  </TalendProperties:Property>
  <TalendProperties:ItemState xmi:id="_nmJz4sqtEe-HfbEhwnGRrw" path="Hive/system"/>
  <TalendProperties:SQLPatternItem xmi:id="_nmJz48qtEe-HfbEhwnGRrw" property="_nmJz4cqtEe-HfbEhwnGRrw" state="_nmJz4sqtEe-HfbEhwnGRrw" system="true" eltName="Hive">
    <content href="HiveFilterRow_0.1.item#/"/>
  </TalendProperties:SQLPatternItem>
</xmi:XMI>
