<?xml version="1.0" encoding="UTF-8"?>
<xmi:XMI xmi:version="2.0" xmlns:xmi="http://www.omg.org/XMI" xmlns:TalendProperties="http://www.talend.org/properties">
  <TalendProperties:Property xmi:id="_nmAqAcqtEe-HfbEhwnGRrw" id="_nmAqAMqtEe-HfbEhwnGRrw" label="HiveFilterColumns" version="0.1" item="_nmAqA8qtEe-HfbEhwnGRrw">
    <author href="../../../talend.project#_mXiEoMqtEe-HfbEhwnGRrw"/>
    <additionalProperties xmi:id="_nmAqBMqtEe-HfbEhwnGRrw" key="created_product_fullname" value="Talend Open Studio for Data Integration"/>
    <additionalProperties xmi:id="_nmAqBcqtEe-HfbEhwnGRrw" key="created_product_version" value="8.0.1.20211109_1610"/>
    <additionalProperties xmi:id="_nmAqBsqtEe-HfbEhwnGRrw" key="created_date" value="2025-01-04T16:07:30.703+0100"/>
    <additionalProperties xmi:id="_nmAqB8qtEe-HfbEhwnGRrw" key="modified_product_fullname" value="Talend Open Studio for Data Integration"/>
    <additionalProperties xmi:id="_nmAqCMqtEe-HfbEhwnGRrw" key="modified_product_version" value="8.0.1.20211109_1610"/>
    <additionalProperties xmi:id="_nmAqCcqtEe-HfbEhwnGRrw" key="modified_date" value="2025-01-04T16:07:30.703+0100"/>
  </TalendProperties:Property>
  <TalendProperties:ItemState xmi:id="_nmAqAsqtEe-HfbEhwnGRrw" path="Hive/system"/>
  <TalendProperties:SQLPatternItem xmi:id="_nmAqA8qtEe-HfbEhwnGRrw" property="_nmAqAcqtEe-HfbEhwnGRrw" state="_nmAqAsqtEe-HfbEhwnGRrw" system="true" eltName="Hive">
    <content href="HiveFilterColumns_0.1.item#/"/>
  </TalendProperties:SQLPatternItem>
</xmi:XMI>
