<?xml version="1.0" encoding="UTF-8"?>
<xmi:XMI xmi:version="2.0" xmlns:xmi="http://www.omg.org/XMI" xmlns:TalendProperties="http://www.talend.org/properties">
  <TalendProperties:Property xmi:id="_nl248MqtEe-HfbEhwnGRrw" id="_nltH9sqtEe-HfbEhwnGRrw" label="HiveCreateSourceTable" version="0.1" item="_nl248sqtEe-HfbEhwnGRrw">
    <author href="../../../talend.project#_mXiEoMqtEe-HfbEhwnGRrw"/>
    <additionalProperties xmi:id="_nl2488qtEe-HfbEhwnGRrw" key="created_product_fullname" value="Talend Open Studio for Data Integration"/>
    <additionalProperties xmi:id="_nl249MqtEe-HfbEhwnGRrw" key="created_product_version" value="8.0.1.20211109_1610"/>
    <additionalProperties xmi:id="_nl249cqtEe-HfbEhwnGRrw" key="created_date" value="2025-01-04T16:07:30.687+0100"/>
    <additionalProperties xmi:id="_nl249sqtEe-HfbEhwnGRrw" key="modified_product_fullname" value="Talend Open Studio for Data Integration"/>
    <additionalProperties xmi:id="_nl2498qtEe-HfbEhwnGRrw" key="modified_product_version" value="8.0.1.20211109_1610"/>
    <additionalProperties xmi:id="_nl24-MqtEe-HfbEhwnGRrw" key="modified_date" value="2025-01-04T16:07:30.687+0100"/>
  </TalendProperties:Property>
  <TalendProperties:ItemState xmi:id="_nl248cqtEe-HfbEhwnGRrw" path="Hive/system"/>
  <TalendProperties:SQLPatternItem xmi:id="_nl248sqtEe-HfbEhwnGRrw" property="_nl248MqtEe-HfbEhwnGRrw" state="_nl248cqtEe-HfbEhwnGRrw" system="true" eltName="Hive">
    <content href="HiveCreateSourceTable_0.1.item#/"/>
  </TalendProperties:SQLPatternItem>
</xmi:XMI>
