<?xml version="1.0" encoding="UTF-8"?>
<xmi:XMI xmi:version="2.0" xmlns:xmi="http://www.omg.org/XMI" xmlns:TalendProperties="http://www.talend.org/properties">
  <TalendProperties:Property xmi:id="_nofWO8qtEe-HfbEhwnGRrw" id="_nofWOsqtEe-HfbEhwnGRrw" label="ParAccelCommit" version="0.1" item="_nofWPcqtEe-HfbEhwnGRrw">
    <author href="../../../talend.project#_mXiEoMqtEe-HfbEhwnGRrw"/>
    <additionalProperties xmi:id="_nopHMMqtEe-HfbEhwnGRrw" key="created_product_fullname" value="Talend Open Studio for Data Integration"/>
    <additionalProperties xmi:id="_nopHMcqtEe-HfbEhwnGRrw" key="created_product_version" value="8.0.1.20211109_1610"/>
    <additionalProperties xmi:id="_nopHMsqtEe-HfbEhwnGRrw" key="created_date" value="2025-01-04T16:07:30.979+0100"/>
    <additionalProperties xmi:id="_nopHM8qtEe-HfbEhwnGRrw" key="modified_product_fullname" value="Talend Open Studio for Data Integration"/>
    <additionalProperties xmi:id="_nopHNMqtEe-HfbEhwnGRrw" key="modified_product_version" value="8.0.1.20211109_1610"/>
    <additionalProperties xmi:id="_nopHNcqtEe-HfbEhwnGRrw" key="modified_date" value="2025-01-04T16:07:30.979+0100"/>
  </TalendProperties:Property>
  <TalendProperties:ItemState xmi:id="_nofWPMqtEe-HfbEhwnGRrw" path="ParAccel/system"/>
  <TalendProperties:SQLPatternItem xmi:id="_nofWPcqtEe-HfbEhwnGRrw" property="_nofWO8qtEe-HfbEhwnGRrw" state="_nofWPMqtEe-HfbEhwnGRrw" system="true" eltName="ParAccel">
    <content href="ParAccelCommit_0.1.item#/"/>
  </TalendProperties:SQLPatternItem>
</xmi:XMI>
