<?xml version="1.0" encoding="UTF-8"?>
<xmi:XMI xmi:version="2.0" xmlns:xmi="http://www.omg.org/XMI" xmlns:TalendProperties="http://www.talend.org/properties">
  <TalendProperties:Property xmi:id="_nozfQcqtEe-HfbEhwnGRrw" id="_nozfQMqtEe-HfbEhwnGRrw" label="ParAccelFilterColumns" version="0.1" item="_nozfQ8qtEe-HfbEhwnGRrw">
    <author href="../../../talend.project#_mXiEoMqtEe-HfbEhwnGRrw"/>
    <additionalProperties xmi:id="_nozfRMqtEe-HfbEhwnGRrw" key="created_product_fullname" value="Talend Open Studio for Data Integration"/>
    <additionalProperties xmi:id="_nozfRcqtEe-HfbEhwnGRrw" key="created_product_version" value="8.0.1.20211109_1610"/>
    <additionalProperties xmi:id="_nozfRsqtEe-HfbEhwnGRrw" key="created_date" value="2025-01-04T16:07:30.996+0100"/>
    <additionalProperties xmi:id="_nozfR8qtEe-HfbEhwnGRrw" key="modified_product_fullname" value="Talend Open Studio for Data Integration"/>
    <additionalProperties xmi:id="_nozfSMqtEe-HfbEhwnGRrw" key="modified_product_version" value="8.0.1.20211109_1610"/>
    <additionalProperties xmi:id="_nozfScqtEe-HfbEhwnGRrw" key="modified_date" value="2025-01-04T16:07:30.996+0100"/>
  </TalendProperties:Property>
  <TalendProperties:ItemState xmi:id="_nozfQsqtEe-HfbEhwnGRrw" path="ParAccel/system"/>
  <TalendProperties:SQLPatternItem xmi:id="_nozfQ8qtEe-HfbEhwnGRrw" property="_nozfQcqtEe-HfbEhwnGRrw" state="_nozfQsqtEe-HfbEhwnGRrw" system="true" eltName="ParAccel">
    <content href="ParAccelFilterColumns_0.1.item#/"/>
  </TalendProperties:SQLPatternItem>
</xmi:XMI>
