<?xml version="1.0" encoding="UTF-8"?>
<xmi:XMI xmi:version="2.0" xmlns:xmi="http://www.omg.org/XMI" xmlns:TalendProperties="http://www.talend.org/properties">
  <TalendProperties:Property xmi:id="_nozfS8qtEe-HfbEhwnGRrw" id="_nozfSsqtEe-HfbEhwnGRrw" label="ParAccelFilterRow" version="0.1" item="_nozfTcqtEe-HfbEhwnGRrw">
    <author href="../../../talend.project#_mXiEoMqtEe-HfbEhwnGRrw"/>
    <additionalProperties xmi:id="_nozfTsqtEe-HfbEhwnGRrw" key="created_product_fullname" value="Talend Open Studio for Data Integration"/>
    <additionalProperties xmi:id="_nozfT8qtEe-HfbEhwnGRrw" key="created_product_version" value="8.0.1.20211109_1610"/>
    <additionalProperties xmi:id="_nozfUMqtEe-HfbEhwnGRrw" key="created_date" value="2025-01-04T16:07:30.996+0100"/>
    <additionalProperties xmi:id="_nozfUcqtEe-HfbEhwnGRrw" key="modified_product_fullname" value="Talend Open Studio for Data Integration"/>
    <additionalProperties xmi:id="_nozfUsqtEe-HfbEhwnGRrw" key="modified_product_version" value="8.0.1.20211109_1610"/>
    <additionalProperties xmi:id="_nozfU8qtEe-HfbEhwnGRrw" key="modified_date" value="2025-01-04T16:07:30.996+0100"/>
  </TalendProperties:Property>
  <TalendProperties:ItemState xmi:id="_nozfTMqtEe-HfbEhwnGRrw" path="ParAccel/system"/>
  <TalendProperties:SQLPatternItem xmi:id="_nozfTcqtEe-HfbEhwnGRrw" property="_nozfS8qtEe-HfbEhwnGRrw" state="_nozfTMqtEe-HfbEhwnGRrw" system="true" eltName="ParAccel">
    <content href="ParAccelFilterRow_0.1.item#/"/>
  </TalendProperties:SQLPatternItem>
</xmi:XMI>
