<?xml version="1.0" encoding="UTF-8"?>
<xmi:XMI xmi:version="2.0" xmlns:xmi="http://www.omg.org/XMI" xmlns:TalendProperties="http://www.talend.org/properties">
  <TalendProperties:Property xmi:id="_nofWMcqtEe-HfbEhwnGRrw" id="_nofWMMqtEe-HfbEhwnGRrw" label="ParAccelAggregate" version="0.1" item="_nofWM8qtEe-HfbEhwnGRrw">
    <author href="../../../talend.project#_mXiEoMqtEe-HfbEhwnGRrw"/>
    <additionalProperties xmi:id="_nofWNMqtEe-HfbEhwnGRrw" key="created_product_fullname" value="Talend Open Studio for Data Integration"/>
    <additionalProperties xmi:id="_nofWNcqtEe-HfbEhwnGRrw" key="created_product_version" value="8.0.1.20211109_1610"/>
    <additionalProperties xmi:id="_nofWNsqtEe-HfbEhwnGRrw" key="created_date" value="2025-01-04T16:07:30.963+0100"/>
    <additionalProperties xmi:id="_nofWN8qtEe-HfbEhwnGRrw" key="modified_product_fullname" value="Talend Open Studio for Data Integration"/>
    <additionalProperties xmi:id="_nofWOMqtEe-HfbEhwnGRrw" key="modified_product_version" value="8.0.1.20211109_1610"/>
    <additionalProperties xmi:id="_nofWOcqtEe-HfbEhwnGRrw" key="modified_date" value="2025-01-04T16:07:30.963+0100"/>
  </TalendProperties:Property>
  <TalendProperties:ItemState xmi:id="_nofWMsqtEe-HfbEhwnGRrw" path="ParAccel/system"/>
  <TalendProperties:SQLPatternItem xmi:id="_nofWM8qtEe-HfbEhwnGRrw" property="_nofWMcqtEe-HfbEhwnGRrw" state="_nofWMsqtEe-HfbEhwnGRrw" system="true" eltName="ParAccel">
    <content href="ParAccelAggregate_0.1.item#/"/>
  </TalendProperties:SQLPatternItem>
</xmi:XMI>
