<?xml version="1.0" encoding="UTF-8"?>
<xmi:XMI xmi:version="2.0" xmlns:xmi="http://www.omg.org/XMI" xmlns:TalendProperties="http://www.talend.org/properties">
  <TalendProperties:Property xmi:id="_nopHQcqtEe-HfbEhwnGRrw" id="_nopHQMqtEe-HfbEhwnGRrw" label="ParAccelDropTargetTable" version="0.1" item="_nopHQ8qtEe-HfbEhwnGRrw">
    <author href="../../../talend.project#_mXiEoMqtEe-HfbEhwnGRrw"/>
    <additionalProperties xmi:id="_nopHRMqtEe-HfbEhwnGRrw" key="created_product_fullname" value="Talend Open Studio for Data Integration"/>
    <additionalProperties xmi:id="_nopHRcqtEe-HfbEhwnGRrw" key="created_product_version" value="8.0.1.20211109_1610"/>
    <additionalProperties xmi:id="_nopHRsqtEe-HfbEhwnGRrw" key="created_date" value="2025-01-04T16:07:30.979+0100"/>
    <additionalProperties xmi:id="_nopHR8qtEe-HfbEhwnGRrw" key="modified_product_fullname" value="Talend Open Studio for Data Integration"/>
    <additionalProperties xmi:id="_nopHSMqtEe-HfbEhwnGRrw" key="modified_product_version" value="8.0.1.20211109_1610"/>
    <additionalProperties xmi:id="_nopHScqtEe-HfbEhwnGRrw" key="modified_date" value="2025-01-04T16:07:30.979+0100"/>
  </TalendProperties:Property>
  <TalendProperties:ItemState xmi:id="_nopHQsqtEe-HfbEhwnGRrw" path="ParAccel/system"/>
  <TalendProperties:SQLPatternItem xmi:id="_nopHQ8qtEe-HfbEhwnGRrw" property="_nopHQcqtEe-HfbEhwnGRrw" state="_nopHQsqtEe-HfbEhwnGRrw" system="true" eltName="ParAccel">
    <content href="ParAccelDropTargetTable_0.1.item#/"/>
  </TalendProperties:SQLPatternItem>
</xmi:XMI>
