<?xml version="1.0" encoding="UTF-8"?>
<xmi:XMI xmi:version="2.0" xmlns:xmi="http://www.omg.org/XMI" xmlns:TalendProperties="http://www.talend.org/properties">
  <TalendProperties:Property xmi:id="_no8pMcqtEe-HfbEhwnGRrw" id="_no8pMMqtEe-HfbEhwnGRrw" label="ParAccelRollback" version="0.1" item="_no8pM8qtEe-HfbEhwnGRrw">
    <author href="../../../talend.project#_mXiEoMqtEe-HfbEhwnGRrw"/>
    <additionalProperties xmi:id="_no8pNMqtEe-HfbEhwnGRrw" key="created_product_fullname" value="Talend Open Studio for Data Integration"/>
    <additionalProperties xmi:id="_no8pNcqtEe-HfbEhwnGRrw" key="created_product_version" value="8.0.1.20211109_1610"/>
    <additionalProperties xmi:id="_no8pNsqtEe-HfbEhwnGRrw" key="created_date" value="2025-01-04T16:07:31.011+0100"/>
    <additionalProperties xmi:id="_no8pN8qtEe-HfbEhwnGRrw" key="modified_product_fullname" value="Talend Open Studio for Data Integration"/>
    <additionalProperties xmi:id="_no8pOMqtEe-HfbEhwnGRrw" key="modified_product_version" value="8.0.1.20211109_1610"/>
    <additionalProperties xmi:id="_no8pOcqtEe-HfbEhwnGRrw" key="modified_date" value="2025-01-04T16:07:31.011+0100"/>
  </TalendProperties:Property>
  <TalendProperties:ItemState xmi:id="_no8pMsqtEe-HfbEhwnGRrw" path="ParAccel/system"/>
  <TalendProperties:SQLPatternItem xmi:id="_no8pM8qtEe-HfbEhwnGRrw" property="_no8pMcqtEe-HfbEhwnGRrw" state="_no8pMsqtEe-HfbEhwnGRrw" system="true" eltName="ParAccel">
    <content href="ParAccelRollback_0.1.item#/"/>
  </TalendProperties:SQLPatternItem>
</xmi:XMI>
