<?xml version="1.0" encoding="UTF-8"?>
<xmi:XMI xmi:version="2.0" xmlns:xmi="http://www.omg.org/XMI" xmlns:TalendProperties="http://www.talend.org/properties">
  <TalendProperties:Property xmi:id="_nopHN8qtEe-HfbEhwnGRrw" id="_nopHNsqtEe-HfbEhwnGRrw" label="ParAccelDropSourceTable" version="0.1" item="_nopHOcqtEe-HfbEhwnGRrw">
    <author href="../../../talend.project#_mXiEoMqtEe-HfbEhwnGRrw"/>
    <additionalProperties xmi:id="_nopHOsqtEe-HfbEhwnGRrw" key="created_product_fullname" value="Talend Open Studio for Data Integration"/>
    <additionalProperties xmi:id="_nopHO8qtEe-HfbEhwnGRrw" key="created_product_version" value="8.0.1.20211109_1610"/>
    <additionalProperties xmi:id="_nopHPMqtEe-HfbEhwnGRrw" key="created_date" value="2025-01-04T16:07:30.979+0100"/>
    <additionalProperties xmi:id="_nopHPcqtEe-HfbEhwnGRrw" key="modified_product_fullname" value="Talend Open Studio for Data Integration"/>
    <additionalProperties xmi:id="_nopHPsqtEe-HfbEhwnGRrw" key="modified_product_version" value="8.0.1.20211109_1610"/>
    <additionalProperties xmi:id="_nopHP8qtEe-HfbEhwnGRrw" key="modified_date" value="2025-01-04T16:07:30.979+0100"/>
  </TalendProperties:Property>
  <TalendProperties:ItemState xmi:id="_nopHOMqtEe-HfbEhwnGRrw" path="ParAccel/system"/>
  <TalendProperties:SQLPatternItem xmi:id="_nopHOcqtEe-HfbEhwnGRrw" property="_nopHN8qtEe-HfbEhwnGRrw" state="_nopHOMqtEe-HfbEhwnGRrw" system="true" eltName="ParAccel">
    <content href="ParAccelDropSourceTable_0.1.item#/"/>
  </TalendProperties:SQLPatternItem>
</xmi:XMI>
