<?xml version="1.0" encoding="UTF-8"?>
<xmi:XMI xmi:version="2.0" xmlns:xmi="http://www.omg.org/XMI" xmlns:TalendProperties="http://www.talend.org/properties">
  <TalendProperties:Property xmi:id="_i-F2EcrNEe-HfbEhwnGRrw" id="_i-F2EMrNEe-HfbEhwnGRrw" label="job_fait_vente" version="0.1" statusCode="" item="_i-F2E8rNEe-HfbEhwnGRrw" displayName="job_fait_vente">
    <author href="../talend.project#_mXiEoMqtEe-HfbEhwnGRrw"/>
    <additionalProperties xmi:id="_i-HrQMrNEe-HfbEhwnGRrw" key="created_product_fullname" value="Talend Open Studio for Data Integration"/>
    <additionalProperties xmi:id="_i-HrQcrNEe-HfbEhwnGRrw" key="created_product_version" value="8.0.1.20211109_1610"/>
    <additionalProperties xmi:id="_i-HrQsrNEe-HfbEhwnGRrw" key="created_date" value="2025-01-04T19:56:03.572+0100"/>
    <additionalProperties xmi:id="_i-HrQ8rNEe-HfbEhwnGRrw" key="modified_product_fullname" value="Talend Open Studio for Data Integration"/>
    <additionalProperties xmi:id="_i-HrRMrNEe-HfbEhwnGRrw" key="modified_product_version" value="8.0.1.20211109_1610"/>
    <additionalProperties xmi:id="_i-HrRcrNEe-HfbEhwnGRrw" key="modified_date" value="2025-01-04T23:21:28.318+0100"/>
  </TalendProperties:Property>
  <TalendProperties:ItemState xmi:id="_i-F2EsrNEe-HfbEhwnGRrw" path=""/>
  <TalendProperties:ProcessItem xmi:id="_i-F2E8rNEe-HfbEhwnGRrw" property="_i-F2EcrNEe-HfbEhwnGRrw" state="_i-F2EsrNEe-HfbEhwnGRrw">
    <process href="job_fait_vente_0.1.item#/"/>
  </TalendProperties:ProcessItem>
</xmi:XMI>
