<?xml version="1.0" encoding="UTF-8"?>
<xmi:XMI xmi:version="2.0" xmlns:xmi="http://www.omg.org/XMI" xmlns:TalendProperties="http://www.talend.org/properties">
  <TalendProperties:Property xmi:id="_MqPy0crIEe-HfbEhwnGRrw" id="_MqPy0MrIEe-HfbEhwnGRrw" label="job_temps" version="0.1" statusCode="" item="_MqPy08rIEe-HfbEhwnGRrw" displayName="job_temps">
    <author href="../talend.project#_mXiEoMqtEe-HfbEhwnGRrw"/>
    <additionalProperties xmi:id="_MqS2IMrIEe-HfbEhwnGRrw" key="created_product_fullname" value="Talend Open Studio for Data Integration"/>
    <additionalProperties xmi:id="_MqS2IcrIEe-HfbEhwnGRrw" key="created_product_version" value="8.0.1.20211109_1610"/>
    <additionalProperties xmi:id="_MqS2IsrIEe-HfbEhwnGRrw" key="created_date" value="2025-01-04T19:17:46.370+0100"/>
    <additionalProperties xmi:id="_MqS2I8rIEe-HfbEhwnGRrw" key="modified_product_fullname" value="Talend Open Studio for Data Integration"/>
    <additionalProperties xmi:id="_MqS2JMrIEe-HfbEhwnGRrw" key="modified_product_version" value="8.0.1.20211109_1610"/>
    <additionalProperties xmi:id="_MqS2JcrIEe-HfbEhwnGRrw" key="modified_date" value="2025-01-04T23:21:27.002+0100"/>
  </TalendProperties:Property>
  <TalendProperties:ItemState xmi:id="_MqPy0srIEe-HfbEhwnGRrw" path=""/>
  <TalendProperties:ProcessItem xmi:id="_MqPy08rIEe-HfbEhwnGRrw" property="_MqPy0crIEe-HfbEhwnGRrw" state="_MqPy0srIEe-HfbEhwnGRrw">
    <process href="job_temps_0.1.item#/"/>
  </TalendProperties:ProcessItem>
</xmi:XMI>
