<?xml version="1.0" encoding="UTF-8"?>
<xmi:XMI xmi:version="2.0" xmlns:xmi="http://www.omg.org/XMI" xmlns:TalendProperties="http://www.talend.org/properties">
  <TalendProperties:Property xmi:id="_4-TMocrHEe-HfbEhwnGRrw" id="_4-TMoMrHEe-HfbEhwnGRrw" label="job_vente" version="0.1" statusCode="" item="_4-TMo8rHEe-HfbEhwnGRrw" displayName="job_vente">
    <author href="../talend.project#_mXiEoMqtEe-HfbEhwnGRrw"/>
    <additionalProperties xmi:id="_4-XeEMrHEe-HfbEhwnGRrw" key="created_product_fullname" value="Talend Open Studio for Data Integration"/>
    <additionalProperties xmi:id="_4-YFIMrHEe-HfbEhwnGRrw" key="created_product_version" value="8.0.1.20211109_1610"/>
    <additionalProperties xmi:id="_4-YFIcrHEe-HfbEhwnGRrw" key="created_date" value="2025-01-04T19:15:34.257+0100"/>
    <additionalProperties xmi:id="_4-YFIsrHEe-HfbEhwnGRrw" key="modified_product_fullname" value="Talend Open Studio for Data Integration"/>
    <additionalProperties xmi:id="_4-YFI8rHEe-HfbEhwnGRrw" key="modified_product_version" value="8.0.1.20211109_1610"/>
    <additionalProperties xmi:id="_4-YFJMrHEe-HfbEhwnGRrw" key="modified_date" value="2025-01-04T23:21:26.381+0100"/>
  </TalendProperties:Property>
  <TalendProperties:ItemState xmi:id="_4-TMosrHEe-HfbEhwnGRrw" path=""/>
  <TalendProperties:ProcessItem xmi:id="_4-TMo8rHEe-HfbEhwnGRrw" property="_4-TMocrHEe-HfbEhwnGRrw" state="_4-TMosrHEe-HfbEhwnGRrw">
    <process href="job_vente_0.1.item#/"/>
  </TalendProperties:ProcessItem>
</xmi:XMI>
