<?xml version="1.0" encoding="UTF-8"?>
<xmi:XMI xmi:version="2.0" xmlns:xmi="http://www.omg.org/XMI" xmlns:TalendProperties="http://www.talend.org/properties">
  <TalendProperties:Property xmi:id="_uh9vcMqtEe-HfbEhwnGRrw" id="_uh3BwMqtEe-HfbEhwnGRrw" label="Jobs_ETL" version="0.1" statusCode="" item="_uh-WgcqtEe-HfbEhwnGRrw" displayName="Jobs_ETL">
    <author href="../talend.project#_mXiEoMqtEe-HfbEhwnGRrw"/>
    <additionalProperties xmi:id="_uiD2EMqtEe-HfbEhwnGRrw" key="created_product_fullname" value="Talend Open Studio for Data Integration"/>
    <additionalProperties xmi:id="_uiD2EcqtEe-HfbEhwnGRrw" key="created_product_version" value="8.0.1.20211109_1610"/>
    <additionalProperties xmi:id="_uiD2EsqtEe-HfbEhwnGRrw" key="created_date" value="2025-01-04T16:08:17.265+0100"/>
    <additionalProperties xmi:id="_uiD2E8qtEe-HfbEhwnGRrw" key="modified_product_fullname" value="Talend Open Studio for Data Integration"/>
    <additionalProperties xmi:id="_uiD2FMqtEe-HfbEhwnGRrw" key="modified_product_version" value="8.0.1.20211109_1610"/>
    <additionalProperties xmi:id="_uiD2FcqtEe-HfbEhwnGRrw" key="modified_date" value="2025-01-04T23:21:27.363+0100"/>
  </TalendProperties:Property>
  <TalendProperties:ItemState xmi:id="_uh-WgMqtEe-HfbEhwnGRrw" path=""/>
  <TalendProperties:ProcessItem xmi:id="_uh-WgcqtEe-HfbEhwnGRrw" property="_uh9vcMqtEe-HfbEhwnGRrw" state="_uh-WgMqtEe-HfbEhwnGRrw">
    <process href="Jobs_ETL_0.1.item#/"/>
  </TalendProperties:ProcessItem>
</xmi:XMI>
