<?xml version="1.0" encoding="UTF-8"?>
<xmi:XMI xmi:version="2.0" xmlns:xmi="http://www.omg.org/XMI" xmlns:TalendProperties="http://www.talend.org/properties">
  <TalendProperties:Property xmi:id="_Hv1gkMrDEe-HfbEhwnGRrw" id="_Hv05gMrDEe-HfbEhwnGRrw" label="produit_job" version="0.1" statusCode="" item="_Hv1gksrDEe-HfbEhwnGRrw" displayName="produit_job">
    <author href="../talend.project#_mXiEoMqtEe-HfbEhwnGRrw"/>
    <additionalProperties xmi:id="_Hv3VwMrDEe-HfbEhwnGRrw" key="created_product_fullname" value="Talend Open Studio for Data Integration"/>
    <additionalProperties xmi:id="_Hv3VwcrDEe-HfbEhwnGRrw" key="created_product_version" value="8.0.1.20211109_1610"/>
    <additionalProperties xmi:id="_Hv3VwsrDEe-HfbEhwnGRrw" key="created_date" value="2025-01-04T18:41:25.916+0100"/>
    <additionalProperties xmi:id="_Hv3Vw8rDEe-HfbEhwnGRrw" key="modified_product_fullname" value="Talend Open Studio for Data Integration"/>
    <additionalProperties xmi:id="_Hv3VxMrDEe-HfbEhwnGRrw" key="modified_product_version" value="8.0.1.20211109_1610"/>
    <additionalProperties xmi:id="_Hv3VxcrDEe-HfbEhwnGRrw" key="modified_date" value="2025-01-04T23:21:27.209+0100"/>
  </TalendProperties:Property>
  <TalendProperties:ItemState xmi:id="_Hv1gkcrDEe-HfbEhwnGRrw" path=""/>
  <TalendProperties:ProcessItem xmi:id="_Hv1gksrDEe-HfbEhwnGRrw" property="_Hv1gkMrDEe-HfbEhwnGRrw" state="_Hv1gkcrDEe-HfbEhwnGRrw">
    <process href="produit_job_0.1.item#/"/>
  </TalendProperties:ProcessItem>
</xmi:XMI>
