<?xml version="1.0" encoding="UTF-8"?>
<xmi:XMI xmi:version="2.0" xmlns:xmi="http://www.omg.org/XMI" xmlns:TalendProperties="http://www.talend.org/properties">
  <TalendProperties:Property xmi:id="_nqHG4cqtEe-HfbEhwnGRrw" id="_nqHG4MqtEe-HfbEhwnGRrw" label="TeradataCreateSourceTable" version="0.1" item="_nqHG48qtEe-HfbEhwnGRrw">
    <author href="../../../talend.project#_mXiEoMqtEe-HfbEhwnGRrw"/>
    <additionalProperties xmi:id="_nqaBwMqtEe-HfbEhwnGRrw" key="created_product_fullname" value="Talend Open Studio for Data Integration"/>
    <additionalProperties xmi:id="_nqaBwcqtEe-HfbEhwnGRrw" key="created_product_version" value="8.0.1.20211109_1610"/>
    <additionalProperties xmi:id="_nqaBwsqtEe-HfbEhwnGRrw" key="created_date" value="2025-01-04T16:07:31.164+0100"/>
    <additionalProperties xmi:id="_nqaBw8qtEe-HfbEhwnGRrw" key="modified_product_fullname" value="Talend Open Studio for Data Integration"/>
    <additionalProperties xmi:id="_nqaBxMqtEe-HfbEhwnGRrw" key="modified_product_version" value="8.0.1.20211109_1610"/>
    <additionalProperties xmi:id="_nqaBxcqtEe-HfbEhwnGRrw" key="modified_date" value="2025-01-04T16:07:31.164+0100"/>
  </TalendProperties:Property>
  <TalendProperties:ItemState xmi:id="_nqHG4sqtEe-HfbEhwnGRrw" path="Teradata/system"/>
  <TalendProperties:SQLPatternItem xmi:id="_nqHG48qtEe-HfbEhwnGRrw" property="_nqHG4cqtEe-HfbEhwnGRrw" state="_nqHG4sqtEe-HfbEhwnGRrw" system="true" eltName="Teradata">
    <content href="TeradataCreateSourceTable_0.1.item#/"/>
  </TalendProperties:SQLPatternItem>
</xmi:XMI>
