<?xml version="1.0" encoding="UTF-8"?>
<xmi:XMI xmi:version="2.0" xmlns:xmi="http://www.omg.org/XMI" xmlns:TalendProperties="http://www.talend.org/properties">
  <TalendProperties:Property xmi:id="_nqaBx8qtEe-HfbEhwnGRrw" id="_nqaBxsqtEe-HfbEhwnGRrw" label="TeradataCreateTargetTable" version="0.1" item="_nqaBycqtEe-HfbEhwnGRrw">
    <author href="../../../talend.project#_mXiEoMqtEe-HfbEhwnGRrw"/>
    <additionalProperties xmi:id="_nqaBysqtEe-HfbEhwnGRrw" key="created_product_fullname" value="Talend Open Studio for Data Integration"/>
    <additionalProperties xmi:id="_nqaBy8qtEe-HfbEhwnGRrw" key="created_product_version" value="8.0.1.20211109_1610"/>
    <additionalProperties xmi:id="_nqaBzMqtEe-HfbEhwnGRrw" key="created_date" value="2025-01-04T16:07:31.164+0100"/>
    <additionalProperties xmi:id="_nqaBzcqtEe-HfbEhwnGRrw" key="modified_product_fullname" value="Talend Open Studio for Data Integration"/>
    <additionalProperties xmi:id="_nqaBzsqtEe-HfbEhwnGRrw" key="modified_product_version" value="8.0.1.20211109_1610"/>
    <additionalProperties xmi:id="_nqaBz8qtEe-HfbEhwnGRrw" key="modified_date" value="2025-01-04T16:07:31.164+0100"/>
  </TalendProperties:Property>
  <TalendProperties:ItemState xmi:id="_nqaByMqtEe-HfbEhwnGRrw" path="Teradata/system"/>
  <TalendProperties:SQLPatternItem xmi:id="_nqaBycqtEe-HfbEhwnGRrw" property="_nqaBx8qtEe-HfbEhwnGRrw" state="_nqaByMqtEe-HfbEhwnGRrw" system="true" eltName="Teradata">
    <content href="TeradataCreateTargetTable_0.1.item#/"/>
  </TalendProperties:SQLPatternItem>
</xmi:XMI>
