<?xml version="1.0" encoding="UTF-8"?>
<xmi:XMI xmi:version="2.0" xmlns:xmi="http://www.omg.org/XMI" xmlns:TalendProperties="http://www.talend.org/properties">
  <TalendProperties:Property xmi:id="_nqjywcqtEe-HfbEhwnGRrw" id="_nqjywMqtEe-HfbEhwnGRrw" label="TeradataDropSourceTable" version="0.1" item="_nqjyw8qtEe-HfbEhwnGRrw">
    <author href="../../../talend.project#_mXiEoMqtEe-HfbEhwnGRrw"/>
    <additionalProperties xmi:id="_nqjyxMqtEe-HfbEhwnGRrw" key="created_product_fullname" value="Talend Open Studio for Data Integration"/>
    <additionalProperties xmi:id="_nqjyxcqtEe-HfbEhwnGRrw" key="created_product_version" value="8.0.1.20211109_1610"/>
    <additionalProperties xmi:id="_nqjyxsqtEe-HfbEhwnGRrw" key="created_date" value="2025-01-04T16:07:31.180+0100"/>
    <additionalProperties xmi:id="_nqjyx8qtEe-HfbEhwnGRrw" key="modified_product_fullname" value="Talend Open Studio for Data Integration"/>
    <additionalProperties xmi:id="_nqjyyMqtEe-HfbEhwnGRrw" key="modified_product_version" value="8.0.1.20211109_1610"/>
    <additionalProperties xmi:id="_nqjyycqtEe-HfbEhwnGRrw" key="modified_date" value="2025-01-04T16:07:31.180+0100"/>
  </TalendProperties:Property>
  <TalendProperties:ItemState xmi:id="_nqjywsqtEe-HfbEhwnGRrw" path="Teradata/system"/>
  <TalendProperties:SQLPatternItem xmi:id="_nqjyw8qtEe-HfbEhwnGRrw" property="_nqjywcqtEe-HfbEhwnGRrw" state="_nqjywsqtEe-HfbEhwnGRrw" system="true" eltName="Teradata">
    <content href="TeradataDropSourceTable_0.1.item#/"/>
  </TalendProperties:SQLPatternItem>
</xmi:XMI>
