<?xml version="1.0" encoding="UTF-8"?>
<xmi:XMI xmi:version="2.0" xmlns:xmi="http://www.omg.org/XMI" xmlns:TalendProperties="http://www.talend.org/properties">
  <TalendProperties:Property xmi:id="_nqjy1cqtEe-HfbEhwnGRrw" id="_nqjy1MqtEe-HfbEhwnGRrw" label="TeradataFilterColumns" version="0.1" item="_nqjy18qtEe-HfbEhwnGRrw">
    <author href="../../../talend.project#_mXiEoMqtEe-HfbEhwnGRrw"/>
    <additionalProperties xmi:id="_nqtjwMqtEe-HfbEhwnGRrw" key="created_product_fullname" value="Talend Open Studio for Data Integration"/>
    <additionalProperties xmi:id="_nqtjwcqtEe-HfbEhwnGRrw" key="created_product_version" value="8.0.1.20211109_1610"/>
    <additionalProperties xmi:id="_nqtjwsqtEe-HfbEhwnGRrw" key="created_date" value="2025-01-04T16:07:31.196+0100"/>
    <additionalProperties xmi:id="_nqtjw8qtEe-HfbEhwnGRrw" key="modified_product_fullname" value="Talend Open Studio for Data Integration"/>
    <additionalProperties xmi:id="_nqtjxMqtEe-HfbEhwnGRrw" key="modified_product_version" value="8.0.1.20211109_1610"/>
    <additionalProperties xmi:id="_nqtjxcqtEe-HfbEhwnGRrw" key="modified_date" value="2025-01-04T16:07:31.196+0100"/>
  </TalendProperties:Property>
  <TalendProperties:ItemState xmi:id="_nqjy1sqtEe-HfbEhwnGRrw" path="Teradata/system"/>
  <TalendProperties:SQLPatternItem xmi:id="_nqjy18qtEe-HfbEhwnGRrw" property="_nqjy1cqtEe-HfbEhwnGRrw" state="_nqjy1sqtEe-HfbEhwnGRrw" system="true" eltName="Teradata">
    <content href="TeradataFilterColumns_0.1.item#/"/>
  </TalendProperties:SQLPatternItem>
</xmi:XMI>
