<?xml version="1.0" encoding="UTF-8"?>
<xmi:XMI xmi:version="2.0" xmlns:xmi="http://www.omg.org/XMI" xmlns:TalendProperties="http://www.talend.org/properties">
  <TalendProperties:Property xmi:id="_nqtjx8qtEe-HfbEhwnGRrw" id="_nqtjxsqtEe-HfbEhwnGRrw" label="TeradataFilterRow" version="0.1" item="_nqtjycqtEe-HfbEhwnGRrw">
    <author href="../../../talend.project#_mXiEoMqtEe-HfbEhwnGRrw"/>
    <additionalProperties xmi:id="_nqtjysqtEe-HfbEhwnGRrw" key="created_product_fullname" value="Talend Open Studio for Data Integration"/>
    <additionalProperties xmi:id="_nqtjy8qtEe-HfbEhwnGRrw" key="created_product_version" value="8.0.1.20211109_1610"/>
    <additionalProperties xmi:id="_nqtjzMqtEe-HfbEhwnGRrw" key="created_date" value="2025-01-04T16:07:31.196+0100"/>
    <additionalProperties xmi:id="_nqtjzcqtEe-HfbEhwnGRrw" key="modified_product_fullname" value="Talend Open Studio for Data Integration"/>
    <additionalProperties xmi:id="_nqtjzsqtEe-HfbEhwnGRrw" key="modified_product_version" value="8.0.1.20211109_1610"/>
    <additionalProperties xmi:id="_nqtjz8qtEe-HfbEhwnGRrw" key="modified_date" value="2025-01-04T16:07:31.196+0100"/>
  </TalendProperties:Property>
  <TalendProperties:ItemState xmi:id="_nqtjyMqtEe-HfbEhwnGRrw" path="Teradata/system"/>
  <TalendProperties:SQLPatternItem xmi:id="_nqtjycqtEe-HfbEhwnGRrw" property="_nqtjx8qtEe-HfbEhwnGRrw" state="_nqtjyMqtEe-HfbEhwnGRrw" system="true" eltName="Teradata">
    <content href="TeradataFilterRow_0.1.item#/"/>
  </TalendProperties:SQLPatternItem>
</xmi:XMI>
