<?xml version="1.0" encoding="UTF-8"?>
<xmi:XMI xmi:version="2.0" xmlns:xmi="http://www.omg.org/XMI" xmlns:TalendProperties="http://www.talend.org/properties">
  <TalendProperties:Property xmi:id="_nqHG18qtEe-HfbEhwnGRrw" id="_nqHG1sqtEe-HfbEhwnGRrw" label="TeradataColumnList" version="0.1" item="_nqHG2cqtEe-HfbEhwnGRrw">
    <author href="../../../talend.project#_mXiEoMqtEe-HfbEhwnGRrw"/>
    <additionalProperties xmi:id="_nqHG2sqtEe-HfbEhwnGRrw" key="created_product_fullname" value="Talend Open Studio for Data Integration"/>
    <additionalProperties xmi:id="_nqHG28qtEe-HfbEhwnGRrw" key="created_product_version" value="8.0.1.20211109_1610"/>
    <additionalProperties xmi:id="_nqHG3MqtEe-HfbEhwnGRrw" key="created_date" value="2025-01-04T16:07:31.133+0100"/>
    <additionalProperties xmi:id="_nqHG3cqtEe-HfbEhwnGRrw" key="modified_product_fullname" value="Talend Open Studio for Data Integration"/>
    <additionalProperties xmi:id="_nqHG3sqtEe-HfbEhwnGRrw" key="modified_product_version" value="8.0.1.20211109_1610"/>
    <additionalProperties xmi:id="_nqHG38qtEe-HfbEhwnGRrw" key="modified_date" value="2025-01-04T16:07:31.133+0100"/>
  </TalendProperties:Property>
  <TalendProperties:ItemState xmi:id="_nqHG2MqtEe-HfbEhwnGRrw" path="Teradata/system"/>
  <TalendProperties:SQLPatternItem xmi:id="_nqHG2cqtEe-HfbEhwnGRrw" property="_nqHG18qtEe-HfbEhwnGRrw" state="_nqHG2MqtEe-HfbEhwnGRrw" system="true" eltName="Teradata">
    <content href="TeradataColumnList_0.1.item#/"/>
  </TalendProperties:SQLPatternItem>
</xmi:XMI>
