<?xml version="1.0" encoding="UTF-8"?>
<xmi:XMI xmi:version="2.0" xmlns:xmi="http://www.omg.org/XMI" xmlns:TalendProperties="http://www.talend.org/properties">
  <TalendProperties:Property xmi:id="_nq2tscqtEe-HfbEhwnGRrw" id="_nq2tsMqtEe-HfbEhwnGRrw" label="TeradataTableList" version="0.1" item="_nq2ts8qtEe-HfbEhwnGRrw">
    <author href="../../../talend.project#_mXiEoMqtEe-HfbEhwnGRrw"/>
    <additionalProperties xmi:id="_nq2ttMqtEe-HfbEhwnGRrw" key="created_product_fullname" value="Talend Open Studio for Data Integration"/>
    <additionalProperties xmi:id="_nq2ttcqtEe-HfbEhwnGRrw" key="created_product_version" value="8.0.1.20211109_1610"/>
    <additionalProperties xmi:id="_nq2ttsqtEe-HfbEhwnGRrw" key="created_date" value="2025-01-04T16:07:31.211+0100"/>
    <additionalProperties xmi:id="_nq2tt8qtEe-HfbEhwnGRrw" key="modified_product_fullname" value="Talend Open Studio for Data Integration"/>
    <additionalProperties xmi:id="_nq2tuMqtEe-HfbEhwnGRrw" key="modified_product_version" value="8.0.1.20211109_1610"/>
    <additionalProperties xmi:id="_nq2tucqtEe-HfbEhwnGRrw" key="modified_date" value="2025-01-04T16:07:31.211+0100"/>
  </TalendProperties:Property>
  <TalendProperties:ItemState xmi:id="_nq2tssqtEe-HfbEhwnGRrw" path="Teradata/system"/>
  <TalendProperties:SQLPatternItem xmi:id="_nq2ts8qtEe-HfbEhwnGRrw" property="_nq2tscqtEe-HfbEhwnGRrw" state="_nq2tssqtEe-HfbEhwnGRrw" system="true" eltName="Teradata">
    <content href="TeradataTableList_0.1.item#/"/>
  </TalendProperties:SQLPatternItem>
</xmi:XMI>
