<?xml version="1.0" encoding="UTF-8"?>
<xmi:XMI xmi:version="2.0" xmlns:xmi="http://www.omg.org/XMI" xmlns:TalendProperties="http://www.talend.org/properties">
  <TalendProperties:Property xmi:id="_np986sqtEe-HfbEhwnGRrw" id="_np986cqtEe-HfbEhwnGRrw" label="TeradataAggregate" version="0.1" item="_np987MqtEe-HfbEhwnGRrw">
    <author href="../../../talend.project#_mXiEoMqtEe-HfbEhwnGRrw"/>
    <additionalProperties xmi:id="_nqHG0MqtEe-HfbEhwnGRrw" key="created_product_fullname" value="Talend Open Studio for Data Integration"/>
    <additionalProperties xmi:id="_nqHG0cqtEe-HfbEhwnGRrw" key="created_product_version" value="8.0.1.20211109_1610"/>
    <additionalProperties xmi:id="_nqHG0sqtEe-HfbEhwnGRrw" key="created_date" value="2025-01-04T16:07:31.133+0100"/>
    <additionalProperties xmi:id="_nqHG08qtEe-HfbEhwnGRrw" key="modified_product_fullname" value="Talend Open Studio for Data Integration"/>
    <additionalProperties xmi:id="_nqHG1MqtEe-HfbEhwnGRrw" key="modified_product_version" value="8.0.1.20211109_1610"/>
    <additionalProperties xmi:id="_nqHG1cqtEe-HfbEhwnGRrw" key="modified_date" value="2025-01-04T16:07:31.133+0100"/>
  </TalendProperties:Property>
  <TalendProperties:ItemState xmi:id="_np9868qtEe-HfbEhwnGRrw" path="Teradata/system"/>
  <TalendProperties:SQLPatternItem xmi:id="_np987MqtEe-HfbEhwnGRrw" property="_np986sqtEe-HfbEhwnGRrw" state="_np9868qtEe-HfbEhwnGRrw" system="true" eltName="Teradata">
    <content href="TeradataAggregate_0.1.item#/"/>
  </TalendProperties:SQLPatternItem>
</xmi:XMI>
