<?xml version="1.0" encoding="UTF-8"?>
<xmi:XMI xmi:version="2.0" xmlns:xmi="http://www.omg.org/XMI" xmlns:TalendProperties="http://www.talend.org/properties">
  <TalendProperties:Property xmi:id="_nqjyy8qtEe-HfbEhwnGRrw" id="_nqjyysqtEe-HfbEhwnGRrw" label="TeradataDropTargetTable" version="0.1" item="_nqjyzcqtEe-HfbEhwnGRrw">
    <author href="../../../talend.project#_mXiEoMqtEe-HfbEhwnGRrw"/>
    <additionalProperties xmi:id="_nqjyzsqtEe-HfbEhwnGRrw" key="created_product_fullname" value="Talend Open Studio for Data Integration"/>
    <additionalProperties xmi:id="_nqjyz8qtEe-HfbEhwnGRrw" key="created_product_version" value="8.0.1.20211109_1610"/>
    <additionalProperties xmi:id="_nqjy0MqtEe-HfbEhwnGRrw" key="created_date" value="2025-01-04T16:07:31.180+0100"/>
    <additionalProperties xmi:id="_nqjy0cqtEe-HfbEhwnGRrw" key="modified_product_fullname" value="Talend Open Studio for Data Integration"/>
    <additionalProperties xmi:id="_nqjy0sqtEe-HfbEhwnGRrw" key="modified_product_version" value="8.0.1.20211109_1610"/>
    <additionalProperties xmi:id="_nqjy08qtEe-HfbEhwnGRrw" key="modified_date" value="2025-01-04T16:07:31.180+0100"/>
  </TalendProperties:Property>
  <TalendProperties:ItemState xmi:id="_nqjyzMqtEe-HfbEhwnGRrw" path="Teradata/system"/>
  <TalendProperties:SQLPatternItem xmi:id="_nqjyzcqtEe-HfbEhwnGRrw" property="_nqjyy8qtEe-HfbEhwnGRrw" state="_nqjyzMqtEe-HfbEhwnGRrw" system="true" eltName="Teradata">
    <content href="TeradataDropTargetTable_0.1.item#/"/>
  </TalendProperties:SQLPatternItem>
</xmi:XMI>
