<?xml version="1.0" encoding="UTF-8"?>
<xmi:XMI xmi:version="2.0" xmlns:xmi="http://www.omg.org/XMI" xmlns:TalendProperties="http://www.talend.org/properties">
  <TalendProperties:Property xmi:id="_nnl-V8qtEe-HfbEhwnGRrw" id="_nnl-VsqtEe-HfbEhwnGRrw" label="NetezzaFilterColumns" version="0.1" item="_nnl-WcqtEe-HfbEhwnGRrw">
    <author href="../../../talend.project#_mXiEoMqtEe-HfbEhwnGRrw"/>
    <additionalProperties xmi:id="_nnl-WsqtEe-HfbEhwnGRrw" key="created_product_fullname" value="Talend Open Studio for Data Integration"/>
    <additionalProperties xmi:id="_nnl-W8qtEe-HfbEhwnGRrw" key="created_product_version" value="8.0.1.20211109_1610"/>
    <additionalProperties xmi:id="_nnl-XMqtEe-HfbEhwnGRrw" key="created_date" value="2025-01-04T16:07:30.869+0100"/>
    <additionalProperties xmi:id="_nnl-XcqtEe-HfbEhwnGRrw" key="modified_product_fullname" value="Talend Open Studio for Data Integration"/>
    <additionalProperties xmi:id="_nnl-XsqtEe-HfbEhwnGRrw" key="modified_product_version" value="8.0.1.20211109_1610"/>
    <additionalProperties xmi:id="_nnl-X8qtEe-HfbEhwnGRrw" key="modified_date" value="2025-01-04T16:07:30.869+0100"/>
  </TalendProperties:Property>
  <TalendProperties:ItemState xmi:id="_nnl-WMqtEe-HfbEhwnGRrw" path="Netezza/system"/>
  <TalendProperties:SQLPatternItem xmi:id="_nnl-WcqtEe-HfbEhwnGRrw" property="_nnl-V8qtEe-HfbEhwnGRrw" state="_nnl-WMqtEe-HfbEhwnGRrw" system="true" eltName="Netezza">
    <content href="NetezzaFilterColumns_0.1.item#/"/>
  </TalendProperties:SQLPatternItem>
</xmi:XMI>
