<?xml version="1.0" encoding="UTF-8"?>
<xmi:XMI xmi:version="2.0" xmlns:xmi="http://www.omg.org/XMI" xmlns:TalendProperties="http://www.talend.org/properties">
  <TalendProperties:Property xmi:id="_nmmf3sqtEe-HfbEhwnGRrw" id="_nmmf3cqtEe-HfbEhwnGRrw" label="NetezzaAggregate" version="0.1" item="_nmmf4MqtEe-HfbEhwnGRrw">
    <author href="../../../talend.project#_mXiEoMqtEe-HfbEhwnGRrw"/>
    <additionalProperties xmi:id="_nmwQ0MqtEe-HfbEhwnGRrw" key="created_product_fullname" value="Talend Open Studio for Data Integration"/>
    <additionalProperties xmi:id="_nmwQ0cqtEe-HfbEhwnGRrw" key="created_product_version" value="8.0.1.20211109_1610"/>
    <additionalProperties xmi:id="_nmwQ0sqtEe-HfbEhwnGRrw" key="created_date" value="2025-01-04T16:07:30.765+0100"/>
    <additionalProperties xmi:id="_nmwQ08qtEe-HfbEhwnGRrw" key="modified_product_fullname" value="Talend Open Studio for Data Integration"/>
    <additionalProperties xmi:id="_nmwQ1MqtEe-HfbEhwnGRrw" key="modified_product_version" value="8.0.1.20211109_1610"/>
    <additionalProperties xmi:id="_nmwQ1cqtEe-HfbEhwnGRrw" key="modified_date" value="2025-01-04T16:07:30.765+0100"/>
  </TalendProperties:Property>
  <TalendProperties:ItemState xmi:id="_nmmf38qtEe-HfbEhwnGRrw" path="Netezza/system"/>
  <TalendProperties:SQLPatternItem xmi:id="_nmmf4MqtEe-HfbEhwnGRrw" property="_nmmf3sqtEe-HfbEhwnGRrw" state="_nmmf38qtEe-HfbEhwnGRrw" system="true" eltName="Netezza">
    <content href="NetezzaAggregate_0.1.item#/"/>
  </TalendProperties:SQLPatternItem>
</xmi:XMI>
