<?xml version="1.0" encoding="UTF-8"?>
<xmi:XMI xmi:version="2.0" xmlns:xmi="http://www.omg.org/XMI" xmlns:TalendProperties="http://www.talend.org/properties">
  <TalendProperties:Property xmi:id="_nndbccqtEe-HfbEhwnGRrw" id="_nndbcMqtEe-HfbEhwnGRrw" label="NetezzaCreateTargetTable" version="0.1" item="_nndbc8qtEe-HfbEhwnGRrw">
    <author href="../../../talend.project#_mXiEoMqtEe-HfbEhwnGRrw"/>
    <additionalProperties xmi:id="_nnf3sMqtEe-HfbEhwnGRrw" key="created_product_fullname" value="Talend Open Studio for Data Integration"/>
    <additionalProperties xmi:id="_nnf3scqtEe-HfbEhwnGRrw" key="created_product_version" value="8.0.1.20211109_1610"/>
    <additionalProperties xmi:id="_nnf3ssqtEe-HfbEhwnGRrw" key="created_date" value="2025-01-04T16:07:30.859+0100"/>
    <additionalProperties xmi:id="_nnf3s8qtEe-HfbEhwnGRrw" key="modified_product_fullname" value="Talend Open Studio for Data Integration"/>
    <additionalProperties xmi:id="_nnf3tMqtEe-HfbEhwnGRrw" key="modified_product_version" value="8.0.1.20211109_1610"/>
    <additionalProperties xmi:id="_nnf3tcqtEe-HfbEhwnGRrw" key="modified_date" value="2025-01-04T16:07:30.859+0100"/>
  </TalendProperties:Property>
  <TalendProperties:ItemState xmi:id="_nndbcsqtEe-HfbEhwnGRrw" path="Netezza/system"/>
  <TalendProperties:SQLPatternItem xmi:id="_nndbc8qtEe-HfbEhwnGRrw" property="_nndbccqtEe-HfbEhwnGRrw" state="_nndbcsqtEe-HfbEhwnGRrw" system="true" eltName="Netezza">
    <content href="NetezzaCreateTargetTable_0.1.item#/"/>
  </TalendProperties:SQLPatternItem>
</xmi:XMI>
