<?xml version="1.0" encoding="UTF-8"?>
<xmi:XMI xmi:version="2.0" xmlns:xmi="http://www.omg.org/XMI" xmlns:TalendProperties="http://www.talend.org/properties">
  <TalendProperties:Property xmi:id="_nnf3wcqtEe-HfbEhwnGRrw" id="_nnf3wMqtEe-HfbEhwnGRrw" label="NetezzaDropTargetTable" version="0.1" item="_nnf3w8qtEe-HfbEhwnGRrw">
    <author href="../../../talend.project#_mXiEoMqtEe-HfbEhwnGRrw"/>
    <additionalProperties xmi:id="_nnl-UMqtEe-HfbEhwnGRrw" key="created_product_fullname" value="Talend Open Studio for Data Integration"/>
    <additionalProperties xmi:id="_nnl-UcqtEe-HfbEhwnGRrw" key="created_product_version" value="8.0.1.20211109_1610"/>
    <additionalProperties xmi:id="_nnl-UsqtEe-HfbEhwnGRrw" key="created_date" value="2025-01-04T16:07:30.869+0100"/>
    <additionalProperties xmi:id="_nnl-U8qtEe-HfbEhwnGRrw" key="modified_product_fullname" value="Talend Open Studio for Data Integration"/>
    <additionalProperties xmi:id="_nnl-VMqtEe-HfbEhwnGRrw" key="modified_product_version" value="8.0.1.20211109_1610"/>
    <additionalProperties xmi:id="_nnl-VcqtEe-HfbEhwnGRrw" key="modified_date" value="2025-01-04T16:07:30.869+0100"/>
  </TalendProperties:Property>
  <TalendProperties:ItemState xmi:id="_nnf3wsqtEe-HfbEhwnGRrw" path="Netezza/system"/>
  <TalendProperties:SQLPatternItem xmi:id="_nnf3w8qtEe-HfbEhwnGRrw" property="_nnf3wcqtEe-HfbEhwnGRrw" state="_nnf3wsqtEe-HfbEhwnGRrw" system="true" eltName="Netezza">
    <content href="NetezzaDropTargetTable_0.1.item#/"/>
  </TalendProperties:SQLPatternItem>
</xmi:XMI>
