<?xml version="1.0" encoding="UTF-8"?>
<xmi:XMI xmi:version="2.0" xmlns:xmi="http://www.omg.org/XMI" xmlns:TalendProperties="http://www.talend.org/properties">
  <TalendProperties:Property xmi:id="_nnvvUcqtEe-HfbEhwnGRrw" id="_nnvvUMqtEe-HfbEhwnGRrw" label="NetezzaFilterRow" version="0.1" item="_nnvvU8qtEe-HfbEhwnGRrw">
    <author href="../../../talend.project#_mXiEoMqtEe-HfbEhwnGRrw"/>
    <additionalProperties xmi:id="_nnvvVMqtEe-HfbEhwnGRrw" key="created_product_fullname" value="Talend Open Studio for Data Integration"/>
    <additionalProperties xmi:id="_nnvvVcqtEe-HfbEhwnGRrw" key="created_product_version" value="8.0.1.20211109_1610"/>
    <additionalProperties xmi:id="_nnvvVsqtEe-HfbEhwnGRrw" key="created_date" value="2025-01-04T16:07:30.885+0100"/>
    <additionalProperties xmi:id="_nnvvV8qtEe-HfbEhwnGRrw" key="modified_product_fullname" value="Talend Open Studio for Data Integration"/>
    <additionalProperties xmi:id="_nnvvWMqtEe-HfbEhwnGRrw" key="modified_product_version" value="8.0.1.20211109_1610"/>
    <additionalProperties xmi:id="_nnvvWcqtEe-HfbEhwnGRrw" key="modified_date" value="2025-01-04T16:07:30.885+0100"/>
  </TalendProperties:Property>
  <TalendProperties:ItemState xmi:id="_nnvvUsqtEe-HfbEhwnGRrw" path="Netezza/system"/>
  <TalendProperties:SQLPatternItem xmi:id="_nnvvU8qtEe-HfbEhwnGRrw" property="_nnvvUcqtEe-HfbEhwnGRrw" state="_nnvvUsqtEe-HfbEhwnGRrw" system="true" eltName="Netezza">
    <content href="NetezzaFilterRow_0.1.item#/"/>
  </TalendProperties:SQLPatternItem>
</xmi:XMI>
