<?xml version="1.0" encoding="UTF-8"?>
<xmi:XMI xmi:version="2.0" xmlns:xmi="http://www.omg.org/XMI" xmlns:TalendProperties="http://www.talend.org/properties">
  <TalendProperties:Property xmi:id="_nnf3t8qtEe-HfbEhwnGRrw" id="_nnf3tsqtEe-HfbEhwnGRrw" label="NetezzaDropSourceTable" version="0.1" item="_nnf3ucqtEe-HfbEhwnGRrw">
    <author href="../../../talend.project#_mXiEoMqtEe-HfbEhwnGRrw"/>
    <additionalProperties xmi:id="_nnf3usqtEe-HfbEhwnGRrw" key="created_product_fullname" value="Talend Open Studio for Data Integration"/>
    <additionalProperties xmi:id="_nnf3u8qtEe-HfbEhwnGRrw" key="created_product_version" value="8.0.1.20211109_1610"/>
    <additionalProperties xmi:id="_nnf3vMqtEe-HfbEhwnGRrw" key="created_date" value="2025-01-04T16:07:30.859+0100"/>
    <additionalProperties xmi:id="_nnf3vcqtEe-HfbEhwnGRrw" key="modified_product_fullname" value="Talend Open Studio for Data Integration"/>
    <additionalProperties xmi:id="_nnf3vsqtEe-HfbEhwnGRrw" key="modified_product_version" value="8.0.1.20211109_1610"/>
    <additionalProperties xmi:id="_nnf3v8qtEe-HfbEhwnGRrw" key="modified_date" value="2025-01-04T16:07:30.859+0100"/>
  </TalendProperties:Property>
  <TalendProperties:ItemState xmi:id="_nnf3uMqtEe-HfbEhwnGRrw" path="Netezza/system"/>
  <TalendProperties:SQLPatternItem xmi:id="_nnf3ucqtEe-HfbEhwnGRrw" property="_nnf3t8qtEe-HfbEhwnGRrw" state="_nnf3uMqtEe-HfbEhwnGRrw" system="true" eltName="Netezza">
    <content href="NetezzaDropSourceTable_0.1.item#/"/>
  </TalendProperties:SQLPatternItem>
</xmi:XMI>
