<?xml version="1.0" encoding="UTF-8"?>
<xmi:XMI xmi:version="2.0" xmlns:xmi="http://www.omg.org/XMI" xmlns:TalendProperties="http://www.talend.org/properties">
  <TalendProperties:Property xmi:id="_nmwQ18qtEe-HfbEhwnGRrw" id="_nmwQ1sqtEe-HfbEhwnGRrw" label="NetezzaCreateSourceTable" version="0.1" item="_nmwQ2cqtEe-HfbEhwnGRrw">
    <author href="../../../talend.project#_mXiEoMqtEe-HfbEhwnGRrw"/>
    <additionalProperties xmi:id="_nnDy0MqtEe-HfbEhwnGRrw" key="created_product_fullname" value="Talend Open Studio for Data Integration"/>
    <additionalProperties xmi:id="_nnDy0cqtEe-HfbEhwnGRrw" key="created_product_version" value="8.0.1.20211109_1610"/>
    <additionalProperties xmi:id="_nnDy0sqtEe-HfbEhwnGRrw" key="created_date" value="2025-01-04T16:07:30.813+0100"/>
    <additionalProperties xmi:id="_nnNj0MqtEe-HfbEhwnGRrw" key="modified_product_fullname" value="Talend Open Studio for Data Integration"/>
    <additionalProperties xmi:id="_nnNj0cqtEe-HfbEhwnGRrw" key="modified_product_version" value="8.0.1.20211109_1610"/>
    <additionalProperties xmi:id="_nnNj0sqtEe-HfbEhwnGRrw" key="modified_date" value="2025-01-04T16:07:30.813+0100"/>
  </TalendProperties:Property>
  <TalendProperties:ItemState xmi:id="_nmwQ2MqtEe-HfbEhwnGRrw" path="Netezza/system"/>
  <TalendProperties:SQLPatternItem xmi:id="_nmwQ2cqtEe-HfbEhwnGRrw" property="_nmwQ18qtEe-HfbEhwnGRrw" state="_nmwQ2MqtEe-HfbEhwnGRrw" system="true" eltName="Netezza">
    <content href="NetezzaCreateSourceTable_0.1.item#/"/>
  </TalendProperties:SQLPatternItem>
</xmi:XMI>
