<?xml version="1.0" encoding="UTF-8"?>
<xmi:XMI xmi:version="2.0" xmlns:xmi="http://www.omg.org/XMI" xmlns:TalendProperties="http://www.talend.org/properties">
  <TalendProperties:Property xmi:id="_np0L58qtEe-HfbEhwnGRrw" id="_np0L5sqtEe-HfbEhwnGRrw" label="SnowflakeMerge" version="0.1" item="_np0L6cqtEe-HfbEhwnGRrw">
    <author href="../../../talend.project#_mXiEoMqtEe-HfbEhwnGRrw"/>
    <additionalProperties xmi:id="_np984MqtEe-HfbEhwnGRrw" key="created_product_fullname" value="Talend Open Studio for Data Integration"/>
    <additionalProperties xmi:id="_np984cqtEe-HfbEhwnGRrw" key="created_product_version" value="8.0.1.20211109_1610"/>
    <additionalProperties xmi:id="_np984sqtEe-HfbEhwnGRrw" key="created_date" value="2025-01-04T16:07:31.118+0100"/>
    <additionalProperties xmi:id="_np9848qtEe-HfbEhwnGRrw" key="modified_product_fullname" value="Talend Open Studio for Data Integration"/>
    <additionalProperties xmi:id="_np985MqtEe-HfbEhwnGRrw" key="modified_product_version" value="8.0.1.20211109_1610"/>
    <additionalProperties xmi:id="_np985cqtEe-HfbEhwnGRrw" key="modified_date" value="2025-01-04T16:07:31.118+0100"/>
  </TalendProperties:Property>
  <TalendProperties:ItemState xmi:id="_np0L6MqtEe-HfbEhwnGRrw" path="Snowflake/system"/>
  <TalendProperties:SQLPatternItem xmi:id="_np0L6cqtEe-HfbEhwnGRrw" property="_np0L58qtEe-HfbEhwnGRrw" state="_np0L6MqtEe-HfbEhwnGRrw" system="true" eltName="Snowflake">
    <content href="SnowflakeMerge_0.1.item#/"/>
  </TalendProperties:SQLPatternItem>
</xmi:XMI>
