<?xml version="1.0" encoding="UTF-8"?>
<xmi:XMI xmi:version="2.0" xmlns:xmi="http://www.omg.org/XMI" xmlns:TalendProperties="http://www.talend.org/properties">
  <TalendProperties:Property xmi:id="_npuFQcqtEe-HfbEhwnGRrw" id="_npuFQMqtEe-HfbEhwnGRrw" label="SnowflakeDropTargetTable" version="0.1" item="_npuFQ8qtEe-HfbEhwnGRrw">
    <author href="../../../talend.project#_mXiEoMqtEe-HfbEhwnGRrw"/>
    <additionalProperties xmi:id="_np0L4MqtEe-HfbEhwnGRrw" key="created_product_fullname" value="Talend Open Studio for Data Integration"/>
    <additionalProperties xmi:id="_np0L4cqtEe-HfbEhwnGRrw" key="created_product_version" value="8.0.1.20211109_1610"/>
    <additionalProperties xmi:id="_np0L4sqtEe-HfbEhwnGRrw" key="created_date" value="2025-01-04T16:07:31.102+0100"/>
    <additionalProperties xmi:id="_np0L48qtEe-HfbEhwnGRrw" key="modified_product_fullname" value="Talend Open Studio for Data Integration"/>
    <additionalProperties xmi:id="_np0L5MqtEe-HfbEhwnGRrw" key="modified_product_version" value="8.0.1.20211109_1610"/>
    <additionalProperties xmi:id="_np0L5cqtEe-HfbEhwnGRrw" key="modified_date" value="2025-01-04T16:07:31.102+0100"/>
  </TalendProperties:Property>
  <TalendProperties:ItemState xmi:id="_npuFQsqtEe-HfbEhwnGRrw" path="Snowflake/system"/>
  <TalendProperties:SQLPatternItem xmi:id="_npuFQ8qtEe-HfbEhwnGRrw" property="_npuFQcqtEe-HfbEhwnGRrw" state="_npuFQsqtEe-HfbEhwnGRrw" system="true" eltName="Snowflake">
    <content href="SnowflakeDropTargetTable_0.1.item#/"/>
  </TalendProperties:SQLPatternItem>
</xmi:XMI>
