<?xml version="1.0" encoding="UTF-8"?>
<xmi:XMI xmi:version="2.0" xmlns:xmi="http://www.omg.org/XMI" xmlns:TalendProperties="http://www.talend.org/properties">
  <TalendProperties:Property xmi:id="_npPkKsqtEe-HfbEhwnGRrw" id="_npPkKcqtEe-HfbEhwnGRrw" label="SnowflakeDropSourceTable" version="0.1" item="_npPkLMqtEe-HfbEhwnGRrw">
    <author href="../../../talend.project#_mXiEoMqtEe-HfbEhwnGRrw"/>
    <additionalProperties xmi:id="_npPkLcqtEe-HfbEhwnGRrw" key="created_product_fullname" value="Talend Open Studio for Data Integration"/>
    <additionalProperties xmi:id="_npPkLsqtEe-HfbEhwnGRrw" key="created_product_version" value="8.0.1.20211109_1610"/>
    <additionalProperties xmi:id="_npPkL8qtEe-HfbEhwnGRrw" key="created_date" value="2025-01-04T16:07:31.042+0100"/>
    <additionalProperties xmi:id="_npPkMMqtEe-HfbEhwnGRrw" key="modified_product_fullname" value="Talend Open Studio for Data Integration"/>
    <additionalProperties xmi:id="_npPkMcqtEe-HfbEhwnGRrw" key="modified_product_version" value="8.0.1.20211109_1610"/>
    <additionalProperties xmi:id="_npPkMsqtEe-HfbEhwnGRrw" key="modified_date" value="2025-01-04T16:07:31.042+0100"/>
  </TalendProperties:Property>
  <TalendProperties:ItemState xmi:id="_npPkK8qtEe-HfbEhwnGRrw" path="Snowflake/system"/>
  <TalendProperties:SQLPatternItem xmi:id="_npPkLMqtEe-HfbEhwnGRrw" property="_npPkKsqtEe-HfbEhwnGRrw" state="_npPkK8qtEe-HfbEhwnGRrw" system="true" eltName="Snowflake">
    <content href="SnowflakeDropSourceTable_0.1.item#/"/>
  </TalendProperties:SQLPatternItem>
</xmi:XMI>
