<?xml version="1.0" encoding="UTF-8"?>
<xmi:XMI xmi:version="2.0" xmlns:xmi="http://www.omg.org/XMI" xmlns:TalendProperties="http://www.talend.org/properties">
  <TalendProperties:Property xmi:id="_npPkIMqtEe-HfbEhwnGRrw" id="_npGaOsqtEe-HfbEhwnGRrw" label="SnowflakeCreateTargetTable" version="0.1" item="_npPkIsqtEe-HfbEhwnGRrw">
    <author href="../../../talend.project#_mXiEoMqtEe-HfbEhwnGRrw"/>
    <additionalProperties xmi:id="_npPkI8qtEe-HfbEhwnGRrw" key="created_product_fullname" value="Talend Open Studio for Data Integration"/>
    <additionalProperties xmi:id="_npPkJMqtEe-HfbEhwnGRrw" key="created_product_version" value="8.0.1.20211109_1610"/>
    <additionalProperties xmi:id="_npPkJcqtEe-HfbEhwnGRrw" key="created_date" value="2025-01-04T16:07:31.042+0100"/>
    <additionalProperties xmi:id="_npPkJsqtEe-HfbEhwnGRrw" key="modified_product_fullname" value="Talend Open Studio for Data Integration"/>
    <additionalProperties xmi:id="_npPkJ8qtEe-HfbEhwnGRrw" key="modified_product_version" value="8.0.1.20211109_1610"/>
    <additionalProperties xmi:id="_npPkKMqtEe-HfbEhwnGRrw" key="modified_date" value="2025-01-04T16:07:31.042+0100"/>
  </TalendProperties:Property>
  <TalendProperties:ItemState xmi:id="_npPkIcqtEe-HfbEhwnGRrw" path="Snowflake/system"/>
  <TalendProperties:SQLPatternItem xmi:id="_npPkIsqtEe-HfbEhwnGRrw" property="_npPkIMqtEe-HfbEhwnGRrw" state="_npPkIcqtEe-HfbEhwnGRrw" system="true" eltName="Snowflake">
    <content href="SnowflakeCreateTargetTable_0.1.item#/"/>
  </TalendProperties:SQLPatternItem>
</xmi:XMI>
