<?xml version="1.0" encoding="UTF-8"?>
<xmi:XMI xmi:version="2.0" xmlns:xmi="http://www.omg.org/XMI" xmlns:TalendProperties="http://www.talend.org/properties">
  <TalendProperties:Property xmi:id="_npGaMcqtEe-HfbEhwnGRrw" id="_npGaMMqtEe-HfbEhwnGRrw" label="SnowflakeCreateSourceTable" version="0.1" item="_npGaM8qtEe-HfbEhwnGRrw">
    <author href="../../../talend.project#_mXiEoMqtEe-HfbEhwnGRrw"/>
    <additionalProperties xmi:id="_npGaNMqtEe-HfbEhwnGRrw" key="created_product_fullname" value="Talend Open Studio for Data Integration"/>
    <additionalProperties xmi:id="_npGaNcqtEe-HfbEhwnGRrw" key="created_product_version" value="8.0.1.20211109_1610"/>
    <additionalProperties xmi:id="_npGaNsqtEe-HfbEhwnGRrw" key="created_date" value="2025-01-04T16:07:31.027+0100"/>
    <additionalProperties xmi:id="_npGaN8qtEe-HfbEhwnGRrw" key="modified_product_fullname" value="Talend Open Studio for Data Integration"/>
    <additionalProperties xmi:id="_npGaOMqtEe-HfbEhwnGRrw" key="modified_product_version" value="8.0.1.20211109_1610"/>
    <additionalProperties xmi:id="_npGaOcqtEe-HfbEhwnGRrw" key="modified_date" value="2025-01-04T16:07:31.027+0100"/>
  </TalendProperties:Property>
  <TalendProperties:ItemState xmi:id="_npGaMsqtEe-HfbEhwnGRrw" path="Snowflake/system"/>
  <TalendProperties:SQLPatternItem xmi:id="_npGaM8qtEe-HfbEhwnGRrw" property="_npGaMcqtEe-HfbEhwnGRrw" state="_npGaMsqtEe-HfbEhwnGRrw" system="true" eltName="Snowflake">
    <content href="SnowflakeCreateSourceTable_0.1.item#/"/>
  </TalendProperties:SQLPatternItem>
</xmi:XMI>
