<?xml version="1.0" encoding="UTF-8"?>
<xmi:XMI xmi:version="2.0" xmlns:xmi="http://www.omg.org/XMI" xmlns:TalendProperties="http://www.talend.org/properties">
  <TalendProperties:Property xmi:id="_noCqUcqtEe-HfbEhwnGRrw" id="_noCqUMqtEe-HfbEhwnGRrw" label="OracleDropTargetTable" version="0.1" item="_noCqU8qtEe-HfbEhwnGRrw">
    <author href="../../../talend.project#_mXiEoMqtEe-HfbEhwnGRrw"/>
    <additionalProperties xmi:id="_noCqVMqtEe-HfbEhwnGRrw" key="created_product_fullname" value="Talend Open Studio for Data Integration"/>
    <additionalProperties xmi:id="_noCqVcqtEe-HfbEhwnGRrw" key="created_product_version" value="8.0.1.20211109_1610"/>
    <additionalProperties xmi:id="_noCqVsqtEe-HfbEhwnGRrw" key="created_date" value="2025-01-04T16:07:30.916+0100"/>
    <additionalProperties xmi:id="_noCqV8qtEe-HfbEhwnGRrw" key="modified_product_fullname" value="Talend Open Studio for Data Integration"/>
    <additionalProperties xmi:id="_noCqWMqtEe-HfbEhwnGRrw" key="modified_product_version" value="8.0.1.20211109_1610"/>
    <additionalProperties xmi:id="_noCqWcqtEe-HfbEhwnGRrw" key="modified_date" value="2025-01-04T16:07:30.916+0100"/>
  </TalendProperties:Property>
  <TalendProperties:ItemState xmi:id="_noCqUsqtEe-HfbEhwnGRrw" path="Oracle/system"/>
  <TalendProperties:SQLPatternItem xmi:id="_noCqU8qtEe-HfbEhwnGRrw" property="_noCqUcqtEe-HfbEhwnGRrw" state="_noCqUsqtEe-HfbEhwnGRrw" system="true" eltName="Oracle">
    <content href="OracleDropTargetTable_0.1.item#/"/>
  </TalendProperties:SQLPatternItem>
</xmi:XMI>
