<?xml version="1.0" encoding="UTF-8"?>
<xmi:XMI xmi:version="2.0" xmlns:xmi="http://www.omg.org/XMI" xmlns:TalendProperties="http://www.talend.org/properties">
  <TalendProperties:Property xmi:id="_nn5gYcqtEe-HfbEhwnGRrw" id="_nn5gYMqtEe-HfbEhwnGRrw" label="OracleCreateTargetTable" version="0.1" item="_nn5gY8qtEe-HfbEhwnGRrw">
    <author href="../../../talend.project#_mXiEoMqtEe-HfbEhwnGRrw"/>
    <additionalProperties xmi:id="_noCqQMqtEe-HfbEhwnGRrw" key="created_product_fullname" value="Talend Open Studio for Data Integration"/>
    <additionalProperties xmi:id="_noCqQcqtEe-HfbEhwnGRrw" key="created_product_version" value="8.0.1.20211109_1610"/>
    <additionalProperties xmi:id="_noCqQsqtEe-HfbEhwnGRrw" key="created_date" value="2025-01-04T16:07:30.916+0100"/>
    <additionalProperties xmi:id="_noCqQ8qtEe-HfbEhwnGRrw" key="modified_product_fullname" value="Talend Open Studio for Data Integration"/>
    <additionalProperties xmi:id="_noCqRMqtEe-HfbEhwnGRrw" key="modified_product_version" value="8.0.1.20211109_1610"/>
    <additionalProperties xmi:id="_noCqRcqtEe-HfbEhwnGRrw" key="modified_date" value="2025-01-04T16:07:30.916+0100"/>
  </TalendProperties:Property>
  <TalendProperties:ItemState xmi:id="_nn5gYsqtEe-HfbEhwnGRrw" path="Oracle/system"/>
  <TalendProperties:SQLPatternItem xmi:id="_nn5gY8qtEe-HfbEhwnGRrw" property="_nn5gYcqtEe-HfbEhwnGRrw" state="_nn5gYsqtEe-HfbEhwnGRrw" system="true" eltName="Oracle">
    <content href="OracleCreateTargetTable_0.1.item#/"/>
  </TalendProperties:SQLPatternItem>
</xmi:XMI>
