<?xml version="1.0" encoding="UTF-8"?>
<xmi:XMI xmi:version="2.0" xmlns:xmi="http://www.omg.org/XMI" xmlns:TalendProperties="http://www.talend.org/properties">
  <TalendProperties:Property xmi:id="_nnvvXsqtEe-HfbEhwnGRrw" id="_nnvvXcqtEe-HfbEhwnGRrw" label="OracleAggregate" version="0.1" item="_nnvvYMqtEe-HfbEhwnGRrw">
    <author href="../../../talend.project#_mXiEoMqtEe-HfbEhwnGRrw"/>
    <additionalProperties xmi:id="_nn5gUMqtEe-HfbEhwnGRrw" key="created_product_fullname" value="Talend Open Studio for Data Integration"/>
    <additionalProperties xmi:id="_nn5gUcqtEe-HfbEhwnGRrw" key="created_product_version" value="8.0.1.20211109_1610"/>
    <additionalProperties xmi:id="_nn5gUsqtEe-HfbEhwnGRrw" key="created_date" value="2025-01-04T16:07:30.901+0100"/>
    <additionalProperties xmi:id="_nn5gU8qtEe-HfbEhwnGRrw" key="modified_product_fullname" value="Talend Open Studio for Data Integration"/>
    <additionalProperties xmi:id="_nn5gVMqtEe-HfbEhwnGRrw" key="modified_product_version" value="8.0.1.20211109_1610"/>
    <additionalProperties xmi:id="_nn5gVcqtEe-HfbEhwnGRrw" key="modified_date" value="2025-01-04T16:07:30.901+0100"/>
  </TalendProperties:Property>
  <TalendProperties:ItemState xmi:id="_nnvvX8qtEe-HfbEhwnGRrw" path="Oracle/system"/>
  <TalendProperties:SQLPatternItem xmi:id="_nnvvYMqtEe-HfbEhwnGRrw" property="_nnvvXsqtEe-HfbEhwnGRrw" state="_nnvvX8qtEe-HfbEhwnGRrw" system="true" eltName="Oracle">
    <content href="OracleAggregate_0.1.item#/"/>
  </TalendProperties:SQLPatternItem>
</xmi:XMI>
