<?xml version="1.0" encoding="UTF-8"?>
<xmi:XMI xmi:version="2.0" xmlns:xmi="http://www.omg.org/XMI" xmlns:TalendProperties="http://www.talend.org/properties">
  <TalendProperties:Property xmi:id="_noVlMMqtEe-HfbEhwnGRrw" id="_noMbVMqtEe-HfbEhwnGRrw" label="OracleMerge" version="0.1" item="_noVlMsqtEe-HfbEhwnGRrw">
    <author href="../../../talend.project#_mXiEoMqtEe-HfbEhwnGRrw"/>
    <additionalProperties xmi:id="_noVlM8qtEe-HfbEhwnGRrw" key="created_product_fullname" value="Talend Open Studio for Data Integration"/>
    <additionalProperties xmi:id="_noVlNMqtEe-HfbEhwnGRrw" key="created_product_version" value="8.0.1.20211109_1610"/>
    <additionalProperties xmi:id="_noVlNcqtEe-HfbEhwnGRrw" key="created_date" value="2025-01-04T16:07:30.947+0100"/>
    <additionalProperties xmi:id="_noVlNsqtEe-HfbEhwnGRrw" key="modified_product_fullname" value="Talend Open Studio for Data Integration"/>
    <additionalProperties xmi:id="_noVlN8qtEe-HfbEhwnGRrw" key="modified_product_version" value="8.0.1.20211109_1610"/>
    <additionalProperties xmi:id="_noVlOMqtEe-HfbEhwnGRrw" key="modified_date" value="2025-01-04T16:07:30.947+0100"/>
  </TalendProperties:Property>
  <TalendProperties:ItemState xmi:id="_noVlMcqtEe-HfbEhwnGRrw" path="Oracle/system"/>
  <TalendProperties:SQLPatternItem xmi:id="_noVlMsqtEe-HfbEhwnGRrw" property="_noVlMMqtEe-HfbEhwnGRrw" state="_noVlMcqtEe-HfbEhwnGRrw" system="true" eltName="Oracle">
    <content href="OracleMerge_0.1.item#/"/>
  </TalendProperties:SQLPatternItem>
</xmi:XMI>
