<?xml version="1.0" encoding="UTF-8"?>
<xmi:XMI xmi:version="2.0" xmlns:xmi="http://www.omg.org/XMI" xmlns:TalendProperties="http://www.talend.org/properties">
  <TalendProperties:Property xmi:id="_nn5gV8qtEe-HfbEhwnGRrw" id="_nn5gVsqtEe-HfbEhwnGRrw" label="OracleCreateSourceTable" version="0.1" item="_nn5gWcqtEe-HfbEhwnGRrw">
    <author href="../../../talend.project#_mXiEoMqtEe-HfbEhwnGRrw"/>
    <additionalProperties xmi:id="_nn5gWsqtEe-HfbEhwnGRrw" key="created_product_fullname" value="Talend Open Studio for Data Integration"/>
    <additionalProperties xmi:id="_nn5gW8qtEe-HfbEhwnGRrw" key="created_product_version" value="8.0.1.20211109_1610"/>
    <additionalProperties xmi:id="_nn5gXMqtEe-HfbEhwnGRrw" key="created_date" value="2025-01-04T16:07:30.901+0100"/>
    <additionalProperties xmi:id="_nn5gXcqtEe-HfbEhwnGRrw" key="modified_product_fullname" value="Talend Open Studio for Data Integration"/>
    <additionalProperties xmi:id="_nn5gXsqtEe-HfbEhwnGRrw" key="modified_product_version" value="8.0.1.20211109_1610"/>
    <additionalProperties xmi:id="_nn5gX8qtEe-HfbEhwnGRrw" key="modified_date" value="2025-01-04T16:07:30.901+0100"/>
  </TalendProperties:Property>
  <TalendProperties:ItemState xmi:id="_nn5gWMqtEe-HfbEhwnGRrw" path="Oracle/system"/>
  <TalendProperties:SQLPatternItem xmi:id="_nn5gWcqtEe-HfbEhwnGRrw" property="_nn5gV8qtEe-HfbEhwnGRrw" state="_nn5gWMqtEe-HfbEhwnGRrw" system="true" eltName="Oracle">
    <content href="OracleCreateSourceTable_0.1.item#/"/>
  </TalendProperties:SQLPatternItem>
</xmi:XMI>
