<?xml version="1.0" encoding="UTF-8"?>
<xmi:XMI xmi:version="2.0" xmlns:xmi="http://www.omg.org/XMI" xmlns:TalendProperties="http://www.talend.org/properties">
  <TalendProperties:Property xmi:id="_noCqR8qtEe-HfbEhwnGRrw" id="_noCqRsqtEe-HfbEhwnGRrw" label="OracleDropSourceTable" version="0.1" item="_noCqScqtEe-HfbEhwnGRrw">
    <author href="../../../talend.project#_mXiEoMqtEe-HfbEhwnGRrw"/>
    <additionalProperties xmi:id="_noCqSsqtEe-HfbEhwnGRrw" key="created_product_fullname" value="Talend Open Studio for Data Integration"/>
    <additionalProperties xmi:id="_noCqS8qtEe-HfbEhwnGRrw" key="created_product_version" value="8.0.1.20211109_1610"/>
    <additionalProperties xmi:id="_noCqTMqtEe-HfbEhwnGRrw" key="created_date" value="2025-01-04T16:07:30.916+0100"/>
    <additionalProperties xmi:id="_noCqTcqtEe-HfbEhwnGRrw" key="modified_product_fullname" value="Talend Open Studio for Data Integration"/>
    <additionalProperties xmi:id="_noCqTsqtEe-HfbEhwnGRrw" key="modified_product_version" value="8.0.1.20211109_1610"/>
    <additionalProperties xmi:id="_noCqT8qtEe-HfbEhwnGRrw" key="modified_date" value="2025-01-04T16:07:30.916+0100"/>
  </TalendProperties:Property>
  <TalendProperties:ItemState xmi:id="_noCqSMqtEe-HfbEhwnGRrw" path="Oracle/system"/>
  <TalendProperties:SQLPatternItem xmi:id="_noCqScqtEe-HfbEhwnGRrw" property="_noCqR8qtEe-HfbEhwnGRrw" state="_noCqSMqtEe-HfbEhwnGRrw" system="true" eltName="Oracle">
    <content href="OracleDropSourceTable_0.1.item#/"/>
  </TalendProperties:SQLPatternItem>
</xmi:XMI>
