<?xml version="1.0" encoding="UTF-8"?>
<xmi:XMI xmi:version="2.0" xmlns:xmi="http://www.omg.org/XMI" xmlns:TalendProperties="http://www.talend.org/properties">
  <TalendProperties:Property xmi:id="_noMbQcqtEe-HfbEhwnGRrw" id="_noMbQMqtEe-HfbEhwnGRrw" label="OracleFilterColumns" version="0.1" item="_noMbQ8qtEe-HfbEhwnGRrw">
    <author href="../../../talend.project#_mXiEoMqtEe-HfbEhwnGRrw"/>
    <additionalProperties xmi:id="_noMbRMqtEe-HfbEhwnGRrw" key="created_product_fullname" value="Talend Open Studio for Data Integration"/>
    <additionalProperties xmi:id="_noMbRcqtEe-HfbEhwnGRrw" key="created_product_version" value="8.0.1.20211109_1610"/>
    <additionalProperties xmi:id="_noMbRsqtEe-HfbEhwnGRrw" key="created_date" value="2025-01-04T16:07:30.932+0100"/>
    <additionalProperties xmi:id="_noMbR8qtEe-HfbEhwnGRrw" key="modified_product_fullname" value="Talend Open Studio for Data Integration"/>
    <additionalProperties xmi:id="_noMbSMqtEe-HfbEhwnGRrw" key="modified_product_version" value="8.0.1.20211109_1610"/>
    <additionalProperties xmi:id="_noMbScqtEe-HfbEhwnGRrw" key="modified_date" value="2025-01-04T16:07:30.932+0100"/>
  </TalendProperties:Property>
  <TalendProperties:ItemState xmi:id="_noMbQsqtEe-HfbEhwnGRrw" path="Oracle/system"/>
  <TalendProperties:SQLPatternItem xmi:id="_noMbQ8qtEe-HfbEhwnGRrw" property="_noMbQcqtEe-HfbEhwnGRrw" state="_noMbQsqtEe-HfbEhwnGRrw" system="true" eltName="Oracle">
    <content href="OracleFilterColumns_0.1.item#/"/>
  </TalendProperties:SQLPatternItem>
</xmi:XMI>
