<?xml version="1.0" encoding="UTF-8"?>
<xmi:XMI xmi:version="2.0" xmlns:xmi="http://www.omg.org/XMI" xmlns:TalendProperties="http://www.talend.org/properties">
  <TalendProperties:Property xmi:id="_noMbS8qtEe-HfbEhwnGRrw" id="_noMbSsqtEe-HfbEhwnGRrw" label="OracleFilterRow" version="0.1" item="_noMbTcqtEe-HfbEhwnGRrw">
    <author href="../../../talend.project#_mXiEoMqtEe-HfbEhwnGRrw"/>
    <additionalProperties xmi:id="_noMbTsqtEe-HfbEhwnGRrw" key="created_product_fullname" value="Talend Open Studio for Data Integration"/>
    <additionalProperties xmi:id="_noMbT8qtEe-HfbEhwnGRrw" key="created_product_version" value="8.0.1.20211109_1610"/>
    <additionalProperties xmi:id="_noMbUMqtEe-HfbEhwnGRrw" key="created_date" value="2025-01-04T16:07:30.932+0100"/>
    <additionalProperties xmi:id="_noMbUcqtEe-HfbEhwnGRrw" key="modified_product_fullname" value="Talend Open Studio for Data Integration"/>
    <additionalProperties xmi:id="_noMbUsqtEe-HfbEhwnGRrw" key="modified_product_version" value="8.0.1.20211109_1610"/>
    <additionalProperties xmi:id="_noMbU8qtEe-HfbEhwnGRrw" key="modified_date" value="2025-01-04T16:07:30.932+0100"/>
  </TalendProperties:Property>
  <TalendProperties:ItemState xmi:id="_noMbTMqtEe-HfbEhwnGRrw" path="Oracle/system"/>
  <TalendProperties:SQLPatternItem xmi:id="_noMbTcqtEe-HfbEhwnGRrw" property="_noMbS8qtEe-HfbEhwnGRrw" state="_noMbTMqtEe-HfbEhwnGRrw" system="true" eltName="Oracle">
    <content href="OracleFilterRow_0.1.item#/"/>
  </TalendProperties:SQLPatternItem>
</xmi:XMI>
