<?xml version="1.0" encoding="UTF-8"?>
<xmi:XMI xmi:version="2.0" xmlns:xmi="http://www.omg.org/XMI" xmlns:TalendProperties="http://www.talend.org/properties">
  <TalendProperties:Property xmi:id="_nmTk68qtEe-HfbEhwnGRrw" id="_nmTk6sqtEe-HfbEhwnGRrw" label="MySQLCreateTargetTable" version="0.1" item="_nmTk7cqtEe-HfbEhwnGRrw">
    <author href="../../../talend.project#_mXiEoMqtEe-HfbEhwnGRrw"/>
    <additionalProperties xmi:id="_nmTk7sqtEe-HfbEhwnGRrw" key="created_product_fullname" value="Talend Open Studio for Data Integration"/>
    <additionalProperties xmi:id="_nmTk78qtEe-HfbEhwnGRrw" key="created_product_version" value="8.0.1.20211109_1610"/>
    <additionalProperties xmi:id="_nmTk8MqtEe-HfbEhwnGRrw" key="created_date" value="2025-01-04T16:07:30.734+0100"/>
    <additionalProperties xmi:id="_nmTk8cqtEe-HfbEhwnGRrw" key="modified_product_fullname" value="Talend Open Studio for Data Integration"/>
    <additionalProperties xmi:id="_nmTk8sqtEe-HfbEhwnGRrw" key="modified_product_version" value="8.0.1.20211109_1610"/>
    <additionalProperties xmi:id="_nmTk88qtEe-HfbEhwnGRrw" key="modified_date" value="2025-01-04T16:07:30.734+0100"/>
  </TalendProperties:Property>
  <TalendProperties:ItemState xmi:id="_nmTk7MqtEe-HfbEhwnGRrw" path="MySQL/system"/>
  <TalendProperties:SQLPatternItem xmi:id="_nmTk7cqtEe-HfbEhwnGRrw" property="_nmTk68qtEe-HfbEhwnGRrw" state="_nmTk7MqtEe-HfbEhwnGRrw" system="true" eltName="MySQL">
    <content href="MySQLCreateTargetTable_0.1.item#/"/>
  </TalendProperties:SQLPatternItem>
</xmi:XMI>
