<?xml version="1.0" encoding="UTF-8"?>
<xmi:XMI xmi:version="2.0" xmlns:xmi="http://www.omg.org/XMI" xmlns:TalendProperties="http://www.talend.org/properties">
  <TalendProperties:Property xmi:id="_nmJz7sqtEe-HfbEhwnGRrw" id="_nmJz7cqtEe-HfbEhwnGRrw" label="MySQLAggregate" version="0.1" item="_nmJz8MqtEe-HfbEhwnGRrw">
    <author href="../../../talend.project#_mXiEoMqtEe-HfbEhwnGRrw"/>
    <additionalProperties xmi:id="_nmJz8cqtEe-HfbEhwnGRrw" key="created_product_fullname" value="Talend Open Studio for Data Integration"/>
    <additionalProperties xmi:id="_nmJz8sqtEe-HfbEhwnGRrw" key="created_product_version" value="8.0.1.20211109_1610"/>
    <additionalProperties xmi:id="_nmJz88qtEe-HfbEhwnGRrw" key="created_date" value="2025-01-04T16:07:30.718+0100"/>
    <additionalProperties xmi:id="_nmJz9MqtEe-HfbEhwnGRrw" key="modified_product_fullname" value="Talend Open Studio for Data Integration"/>
    <additionalProperties xmi:id="_nmJz9cqtEe-HfbEhwnGRrw" key="modified_product_version" value="8.0.1.20211109_1610"/>
    <additionalProperties xmi:id="_nmJz9sqtEe-HfbEhwnGRrw" key="modified_date" value="2025-01-04T16:07:30.718+0100"/>
  </TalendProperties:Property>
  <TalendProperties:ItemState xmi:id="_nmJz78qtEe-HfbEhwnGRrw" path="MySQL/system"/>
  <TalendProperties:SQLPatternItem xmi:id="_nmJz8MqtEe-HfbEhwnGRrw" property="_nmJz7sqtEe-HfbEhwnGRrw" state="_nmJz78qtEe-HfbEhwnGRrw" system="true" eltName="MySQL">
    <content href="MySQLAggregate_0.1.item#/"/>
  </TalendProperties:SQLPatternItem>
</xmi:XMI>
