<?xml version="1.0" encoding="UTF-8"?>
<xmi:XMI xmi:version="2.0" xmlns:xmi="http://www.omg.org/XMI" xmlns:TalendProperties="http://www.talend.org/properties">
  <TalendProperties:Property xmi:id="_nmmf0cqtEe-HfbEhwnGRrw" id="_nmmf0MqtEe-HfbEhwnGRrw" label="MySQLFilterRow" version="0.1" item="_nmmf08qtEe-HfbEhwnGRrw">
    <author href="../../../talend.project#_mXiEoMqtEe-HfbEhwnGRrw"/>
    <additionalProperties xmi:id="_nmmf1MqtEe-HfbEhwnGRrw" key="created_product_fullname" value="Talend Open Studio for Data Integration"/>
    <additionalProperties xmi:id="_nmmf1cqtEe-HfbEhwnGRrw" key="created_product_version" value="8.0.1.20211109_1610"/>
    <additionalProperties xmi:id="_nmmf1sqtEe-HfbEhwnGRrw" key="created_date" value="2025-01-04T16:07:30.765+0100"/>
    <additionalProperties xmi:id="_nmmf18qtEe-HfbEhwnGRrw" key="modified_product_fullname" value="Talend Open Studio for Data Integration"/>
    <additionalProperties xmi:id="_nmmf2MqtEe-HfbEhwnGRrw" key="modified_product_version" value="8.0.1.20211109_1610"/>
    <additionalProperties xmi:id="_nmmf2cqtEe-HfbEhwnGRrw" key="modified_date" value="2025-01-04T16:07:30.765+0100"/>
  </TalendProperties:Property>
  <TalendProperties:ItemState xmi:id="_nmmf0sqtEe-HfbEhwnGRrw" path="MySQL/system"/>
  <TalendProperties:SQLPatternItem xmi:id="_nmmf08qtEe-HfbEhwnGRrw" property="_nmmf0cqtEe-HfbEhwnGRrw" state="_nmmf0sqtEe-HfbEhwnGRrw" system="true" eltName="MySQL">
    <content href="MySQLFilterRow_0.1.item#/"/>
  </TalendProperties:SQLPatternItem>
</xmi:XMI>
