<?xml version="1.0" encoding="UTF-8"?>
<xmi:XMI xmi:version="2.0" xmlns:xmi="http://www.omg.org/XMI" xmlns:TalendProperties="http://www.talend.org/properties">
  <TalendProperties:Property xmi:id="_nmTk9cqtEe-HfbEhwnGRrw" id="_nmTk9MqtEe-HfbEhwnGRrw" label="MySQLDropSourceTable" version="0.1" item="_nmTk98qtEe-HfbEhwnGRrw">
    <author href="../../../talend.project#_mXiEoMqtEe-HfbEhwnGRrw"/>
    <additionalProperties xmi:id="_nmcu0MqtEe-HfbEhwnGRrw" key="created_product_fullname" value="Talend Open Studio for Data Integration"/>
    <additionalProperties xmi:id="_nmcu0cqtEe-HfbEhwnGRrw" key="created_product_version" value="8.0.1.20211109_1610"/>
    <additionalProperties xmi:id="_nmcu0sqtEe-HfbEhwnGRrw" key="created_date" value="2025-01-04T16:07:30.749+0100"/>
    <additionalProperties xmi:id="_nmcu08qtEe-HfbEhwnGRrw" key="modified_product_fullname" value="Talend Open Studio for Data Integration"/>
    <additionalProperties xmi:id="_nmcu1MqtEe-HfbEhwnGRrw" key="modified_product_version" value="8.0.1.20211109_1610"/>
    <additionalProperties xmi:id="_nmcu1cqtEe-HfbEhwnGRrw" key="modified_date" value="2025-01-04T16:07:30.749+0100"/>
  </TalendProperties:Property>
  <TalendProperties:ItemState xmi:id="_nmTk9sqtEe-HfbEhwnGRrw" path="MySQL/system"/>
  <TalendProperties:SQLPatternItem xmi:id="_nmTk98qtEe-HfbEhwnGRrw" property="_nmTk9cqtEe-HfbEhwnGRrw" state="_nmTk9sqtEe-HfbEhwnGRrw" system="true" eltName="MySQL">
    <content href="MySQLDropSourceTable_0.1.item#/"/>
  </TalendProperties:SQLPatternItem>
</xmi:XMI>
