<?xml version="1.0" encoding="UTF-8"?>
<xmi:XMI xmi:version="2.0" xmlns:xmi="http://www.omg.org/XMI" xmlns:TalendProperties="http://www.talend.org/properties">
  <TalendProperties:Property xmi:id="_nmTk4cqtEe-HfbEhwnGRrw" id="_nmTk4MqtEe-HfbEhwnGRrw" label="MySQLCreateSourceTable" version="0.1" item="_nmTk48qtEe-HfbEhwnGRrw">
    <author href="../../../talend.project#_mXiEoMqtEe-HfbEhwnGRrw"/>
    <additionalProperties xmi:id="_nmTk5MqtEe-HfbEhwnGRrw" key="created_product_fullname" value="Talend Open Studio for Data Integration"/>
    <additionalProperties xmi:id="_nmTk5cqtEe-HfbEhwnGRrw" key="created_product_version" value="8.0.1.20211109_1610"/>
    <additionalProperties xmi:id="_nmTk5sqtEe-HfbEhwnGRrw" key="created_date" value="2025-01-04T16:07:30.734+0100"/>
    <additionalProperties xmi:id="_nmTk58qtEe-HfbEhwnGRrw" key="modified_product_fullname" value="Talend Open Studio for Data Integration"/>
    <additionalProperties xmi:id="_nmTk6MqtEe-HfbEhwnGRrw" key="modified_product_version" value="8.0.1.20211109_1610"/>
    <additionalProperties xmi:id="_nmTk6cqtEe-HfbEhwnGRrw" key="modified_date" value="2025-01-04T16:07:30.734+0100"/>
  </TalendProperties:Property>
  <TalendProperties:ItemState xmi:id="_nmTk4sqtEe-HfbEhwnGRrw" path="MySQL/system"/>
  <TalendProperties:SQLPatternItem xmi:id="_nmTk48qtEe-HfbEhwnGRrw" property="_nmTk4cqtEe-HfbEhwnGRrw" state="_nmTk4sqtEe-HfbEhwnGRrw" system="true" eltName="MySQL">
    <content href="MySQLCreateSourceTable_0.1.item#/"/>
  </TalendProperties:SQLPatternItem>
</xmi:XMI>
