<?xml version="1.0" encoding="UTF-8"?>
<xmi:XMI xmi:version="2.0" xmlns:xmi="http://www.omg.org/XMI" xmlns:TalendProperties="http://www.talend.org/properties">
  <TalendProperties:Property xmi:id="_nmcu18qtEe-HfbEhwnGRrw" id="_nmcu1sqtEe-HfbEhwnGRrw" label="MySQLDropTargetTable" version="0.1" item="_nmcu2cqtEe-HfbEhwnGRrw">
    <author href="../../../talend.project#_mXiEoMqtEe-HfbEhwnGRrw"/>
    <additionalProperties xmi:id="_nmcu2sqtEe-HfbEhwnGRrw" key="created_product_fullname" value="Talend Open Studio for Data Integration"/>
    <additionalProperties xmi:id="_nmcu28qtEe-HfbEhwnGRrw" key="created_product_version" value="8.0.1.20211109_1610"/>
    <additionalProperties xmi:id="_nmcu3MqtEe-HfbEhwnGRrw" key="created_date" value="2025-01-04T16:07:30.749+0100"/>
    <additionalProperties xmi:id="_nmcu3cqtEe-HfbEhwnGRrw" key="modified_product_fullname" value="Talend Open Studio for Data Integration"/>
    <additionalProperties xmi:id="_nmcu3sqtEe-HfbEhwnGRrw" key="modified_product_version" value="8.0.1.20211109_1610"/>
    <additionalProperties xmi:id="_nmcu38qtEe-HfbEhwnGRrw" key="modified_date" value="2025-01-04T16:07:30.749+0100"/>
  </TalendProperties:Property>
  <TalendProperties:ItemState xmi:id="_nmcu2MqtEe-HfbEhwnGRrw" path="MySQL/system"/>
  <TalendProperties:SQLPatternItem xmi:id="_nmcu2cqtEe-HfbEhwnGRrw" property="_nmcu18qtEe-HfbEhwnGRrw" state="_nmcu2MqtEe-HfbEhwnGRrw" system="true" eltName="MySQL">
    <content href="MySQLDropTargetTable_0.1.item#/"/>
  </TalendProperties:SQLPatternItem>
</xmi:XMI>
