<?xml version="1.0" encoding="UTF-8"?>
<xmi:XMI xmi:version="2.0" xmlns:xmi="http://www.omg.org/XMI" xmlns:TalendProperties="http://www.talend.org/properties">
  <TalendProperties:Property xmi:id="_EE0z8MquEe-HfbEhwnGRrw" id="_63QRIMqtEe-HfbEhwnGRrw" label="comptoirprod" version="0.1" statusCode="" item="_EE0z8squEe-HfbEhwnGRrw" displayName="comptoirprod">
    <author href="../../talend.project#_mXiEoMqtEe-HfbEhwnGRrw"/>
    <additionalProperties xmi:id="_EE9W0MquEe-HfbEhwnGRrw" key="created_product_fullname" value="Talend Open Studio for Data Integration"/>
    <additionalProperties xmi:id="_EE9W0cquEe-HfbEhwnGRrw" key="created_product_version" value="8.0.1.20211109_1610"/>
    <additionalProperties xmi:id="_EE9W0squEe-HfbEhwnGRrw" key="created_date" value="2025-01-04T16:10:41.853+0100"/>
    <additionalProperties xmi:id="_EE9W08quEe-HfbEhwnGRrw" key="modified_product_fullname" value="Talend Open Studio for Data Integration"/>
    <additionalProperties xmi:id="_EE9W1MquEe-HfbEhwnGRrw" key="modified_product_version" value="8.0.1.20211109_1610"/>
    <additionalProperties xmi:id="_EE9W1cquEe-HfbEhwnGRrw" key="modified_date" value="2025-01-04T18:12:58.413+0100"/>
  </TalendProperties:Property>
  <TalendProperties:ItemState xmi:id="_EE0z8cquEe-HfbEhwnGRrw" path=""/>
  <TalendProperties:DatabaseConnectionItem xmi:id="_EE0z8squEe-HfbEhwnGRrw" property="_EE0z8MquEe-HfbEhwnGRrw" state="_EE0z8cquEe-HfbEhwnGRrw" typeName="MySQL">
    <connection href="comptoirprod_0.1.item#_EEp00MquEe-HfbEhwnGRrw"/>
  </TalendProperties:DatabaseConnectionItem>
</xmi:XMI>
