<?xml version="1.0" encoding="UTF-8"?>
<xmi:XMI xmi:version="2.0" xmlns:xmi="http://www.omg.org/XMI" xmlns:TalendProperties="http://www.talend.org/properties">
  <TalendProperties:Property xmi:id="_UX3ko8quEe-HfbEhwnGRrw" id="_FXCCsMquEe-HfbEhwnGRrw" label="comptoired" version="0.1" statusCode="" item="_UX3kpcquEe-HfbEhwnGRrw" displayName="comptoired">
    <author href="../../talend.project#_mXiEoMqtEe-HfbEhwnGRrw"/>
    <additionalProperties xmi:id="_UYDx4MquEe-HfbEhwnGRrw" key="created_product_fullname" value="Talend Open Studio for Data Integration"/>
    <additionalProperties xmi:id="_UYDx4cquEe-HfbEhwnGRrw" key="created_product_version" value="8.0.1.20211109_1610"/>
    <additionalProperties xmi:id="_UYDx4squEe-HfbEhwnGRrw" key="created_date" value="2025-01-04T16:12:31.230+0100"/>
    <additionalProperties xmi:id="_UYDx48quEe-HfbEhwnGRrw" key="modified_product_fullname" value="Talend Open Studio for Data Integration"/>
    <additionalProperties xmi:id="_UYDx5MquEe-HfbEhwnGRrw" key="modified_product_version" value="8.0.1.20211109_1610"/>
    <additionalProperties xmi:id="_UYDx5cquEe-HfbEhwnGRrw" key="modified_date" value="2025-01-04T21:17:58.341+0100"/>
  </TalendProperties:Property>
  <TalendProperties:ItemState xmi:id="_UX3kpMquEe-HfbEhwnGRrw" path=""/>
  <TalendProperties:DatabaseConnectionItem xmi:id="_UX3kpcquEe-HfbEhwnGRrw" property="_UX3ko8quEe-HfbEhwnGRrw" state="_UX3kpMquEe-HfbEhwnGRrw" typeName="MySQL">
    <connection href="comptoired_0.1.item#_UX3koMquEe-HfbEhwnGRrw"/>
  </TalendProperties:DatabaseConnectionItem>
</xmi:XMI>
