<?xml version="1.0" encoding="UTF-8"?>
<xmi:XMI xmi:version="2.0" xmlns:xmi="http://www.omg.org/XMI" xmlns:TalendProperties="http://www.talend.org/properties">
  <TalendProperties:Property xmi:id="_nkY5U8qtEe-HfbEhwnGRrw" id="_nkY5UsqtEe-HfbEhwnGRrw" label="Aggregate" version="0.1" item="_nkY5VcqtEe-HfbEhwnGRrw">
    <author href="../../../talend.project#_mXiEoMqtEe-HfbEhwnGRrw"/>
    <additionalProperties xmi:id="_nkY5VsqtEe-HfbEhwnGRrw" key="created_product_fullname" value="Talend Open Studio for Data Integration"/>
    <additionalProperties xmi:id="_nkY5V8qtEe-HfbEhwnGRrw" key="created_product_version" value="8.0.1.20211109_1610"/>
    <additionalProperties xmi:id="_nkY5WMqtEe-HfbEhwnGRrw" key="created_date" value="2025-01-04T16:07:30.533+0100"/>
    <additionalProperties xmi:id="_nkY5WcqtEe-HfbEhwnGRrw" key="modified_product_fullname" value="Talend Open Studio for Data Integration"/>
    <additionalProperties xmi:id="_nkY5WsqtEe-HfbEhwnGRrw" key="modified_product_version" value="8.0.1.20211109_1610"/>
    <additionalProperties xmi:id="_nkY5W8qtEe-HfbEhwnGRrw" key="modified_date" value="2025-01-04T16:07:30.533+0100"/>
  </TalendProperties:Property>
  <TalendProperties:ItemState xmi:id="_nkY5VMqtEe-HfbEhwnGRrw" path="Generic/system"/>
  <TalendProperties:SQLPatternItem xmi:id="_nkY5VcqtEe-HfbEhwnGRrw" property="_nkY5U8qtEe-HfbEhwnGRrw" state="_nkY5VMqtEe-HfbEhwnGRrw" system="true" eltName="Generic">
    <content href="Aggregate_0.1.item#/"/>
  </TalendProperties:SQLPatternItem>
</xmi:XMI>
