<?xml version="1.0" encoding="UTF-8"?>
<xmi:XMI xmi:version="2.0" xmlns:xmi="http://www.omg.org/XMI" xmlns:TalendProperties="http://www.talend.org/properties">
  <TalendProperties:Property xmi:id="_nkY5XcqtEe-HfbEhwnGRrw" id="_nkY5XMqtEe-HfbEhwnGRrw" label="Commit" version="0.1" item="_nkY5X8qtEe-HfbEhwnGRrw">
    <author href="../../../talend.project#_mXiEoMqtEe-HfbEhwnGRrw"/>
    <additionalProperties xmi:id="_nkY5YMqtEe-HfbEhwnGRrw" key="created_product_fullname" value="Talend Open Studio for Data Integration"/>
    <additionalProperties xmi:id="_nkY5YcqtEe-HfbEhwnGRrw" key="created_product_version" value="8.0.1.20211109_1610"/>
    <additionalProperties xmi:id="_nkY5YsqtEe-HfbEhwnGRrw" key="created_date" value="2025-01-04T16:07:30.533+0100"/>
    <additionalProperties xmi:id="_nkiqUMqtEe-HfbEhwnGRrw" key="modified_product_fullname" value="Talend Open Studio for Data Integration"/>
    <additionalProperties xmi:id="_nkiqUcqtEe-HfbEhwnGRrw" key="modified_product_version" value="8.0.1.20211109_1610"/>
    <additionalProperties xmi:id="_nkiqUsqtEe-HfbEhwnGRrw" key="modified_date" value="2025-01-04T16:07:30.533+0100"/>
  </TalendProperties:Property>
  <TalendProperties:ItemState xmi:id="_nkY5XsqtEe-HfbEhwnGRrw" path="Generic/system"/>
  <TalendProperties:SQLPatternItem xmi:id="_nkY5X8qtEe-HfbEhwnGRrw" property="_nkY5XcqtEe-HfbEhwnGRrw" state="_nkY5XsqtEe-HfbEhwnGRrw" system="true" eltName="Generic">
    <content href="Commit_0.1.item#/"/>
  </TalendProperties:SQLPatternItem>
</xmi:XMI>
