<?xml version="1.0" encoding="UTF-8"?>
<xmi:XMI xmi:version="2.0" xmlns:xmi="http://www.omg.org/XMI" xmlns:TalendProperties="http://www.talend.org/properties">
  <TalendProperties:Property xmi:id="_nkiqXsqtEe-HfbEhwnGRrw" id="_nkiqXcqtEe-HfbEhwnGRrw" label="DropTargetTable" version="0.1" item="_nkiqYMqtEe-HfbEhwnGRrw">
    <author href="../../../talend.project#_mXiEoMqtEe-HfbEhwnGRrw"/>
    <additionalProperties xmi:id="_nkiqYcqtEe-HfbEhwnGRrw" key="created_product_fullname" value="Talend Open Studio for Data Integration"/>
    <additionalProperties xmi:id="_nkiqYsqtEe-HfbEhwnGRrw" key="created_product_version" value="8.0.1.20211109_1610"/>
    <additionalProperties xmi:id="_nkiqY8qtEe-HfbEhwnGRrw" key="created_date" value="2025-01-04T16:07:30.549+0100"/>
    <additionalProperties xmi:id="_nkiqZMqtEe-HfbEhwnGRrw" key="modified_product_fullname" value="Talend Open Studio for Data Integration"/>
    <additionalProperties xmi:id="_nkiqZcqtEe-HfbEhwnGRrw" key="modified_product_version" value="8.0.1.20211109_1610"/>
    <additionalProperties xmi:id="_nkiqZsqtEe-HfbEhwnGRrw" key="modified_date" value="2025-01-04T16:07:30.549+0100"/>
  </TalendProperties:Property>
  <TalendProperties:ItemState xmi:id="_nkiqX8qtEe-HfbEhwnGRrw" path="Generic/system"/>
  <TalendProperties:SQLPatternItem xmi:id="_nkiqYMqtEe-HfbEhwnGRrw" property="_nkiqXsqtEe-HfbEhwnGRrw" state="_nkiqX8qtEe-HfbEhwnGRrw" system="true" eltName="Generic">
    <content href="DropTargetTable_0.1.item#/"/>
  </TalendProperties:SQLPatternItem>
</xmi:XMI>
