<?xml version="1.0" encoding="UTF-8"?>
<xmi:XMI xmi:version="2.0" xmlns:xmi="http://www.omg.org/XMI" xmlns:TalendProperties="http://www.talend.org/properties">
  <TalendProperties:Property xmi:id="_nkiqVMqtEe-HfbEhwnGRrw" id="_nkiqU8qtEe-HfbEhwnGRrw" label="DropSourceTable" version="0.1" item="_nkiqVsqtEe-HfbEhwnGRrw">
    <author href="../../../talend.project#_mXiEoMqtEe-HfbEhwnGRrw"/>
    <additionalProperties xmi:id="_nkiqV8qtEe-HfbEhwnGRrw" key="created_product_fullname" value="Talend Open Studio for Data Integration"/>
    <additionalProperties xmi:id="_nkiqWMqtEe-HfbEhwnGRrw" key="created_product_version" value="8.0.1.20211109_1610"/>
    <additionalProperties xmi:id="_nkiqWcqtEe-HfbEhwnGRrw" key="created_date" value="2025-01-04T16:07:30.549+0100"/>
    <additionalProperties xmi:id="_nkiqWsqtEe-HfbEhwnGRrw" key="modified_product_fullname" value="Talend Open Studio for Data Integration"/>
    <additionalProperties xmi:id="_nkiqW8qtEe-HfbEhwnGRrw" key="modified_product_version" value="8.0.1.20211109_1610"/>
    <additionalProperties xmi:id="_nkiqXMqtEe-HfbEhwnGRrw" key="modified_date" value="2025-01-04T16:07:30.549+0100"/>
  </TalendProperties:Property>
  <TalendProperties:ItemState xmi:id="_nkiqVcqtEe-HfbEhwnGRrw" path="Generic/system"/>
  <TalendProperties:SQLPatternItem xmi:id="_nkiqVsqtEe-HfbEhwnGRrw" property="_nkiqVMqtEe-HfbEhwnGRrw" state="_nkiqVcqtEe-HfbEhwnGRrw" system="true" eltName="Generic">
    <content href="DropSourceTable_0.1.item#/"/>
  </TalendProperties:SQLPatternItem>
</xmi:XMI>
