<?xml version="1.0" encoding="UTF-8"?>
<xmi:XMI xmi:version="2.0" xmlns:xmi="http://www.omg.org/XMI" xmlns:TalendProperties="http://www.talend.org/properties">
  <TalendProperties:Property xmi:id="_nkr0S8qtEe-HfbEhwnGRrw" id="_nkr0SsqtEe-HfbEhwnGRrw" label="FilterRow" version="0.1" item="_nkr0TcqtEe-HfbEhwnGRrw">
    <author href="../../../talend.project#_mXiEoMqtEe-HfbEhwnGRrw"/>
    <additionalProperties xmi:id="_nkr0TsqtEe-HfbEhwnGRrw" key="created_product_fullname" value="Talend Open Studio for Data Integration"/>
    <additionalProperties xmi:id="_nkr0T8qtEe-HfbEhwnGRrw" key="created_product_version" value="8.0.1.20211109_1610"/>
    <additionalProperties xmi:id="_nkr0UMqtEe-HfbEhwnGRrw" key="created_date" value="2025-01-04T16:07:30.564+0100"/>
    <additionalProperties xmi:id="_nkr0UcqtEe-HfbEhwnGRrw" key="modified_product_fullname" value="Talend Open Studio for Data Integration"/>
    <additionalProperties xmi:id="_nkr0UsqtEe-HfbEhwnGRrw" key="modified_product_version" value="8.0.1.20211109_1610"/>
    <additionalProperties xmi:id="_nkr0U8qtEe-HfbEhwnGRrw" key="modified_date" value="2025-01-04T16:07:30.564+0100"/>
  </TalendProperties:Property>
  <TalendProperties:ItemState xmi:id="_nkr0TMqtEe-HfbEhwnGRrw" path="Generic/system"/>
  <TalendProperties:SQLPatternItem xmi:id="_nkr0TcqtEe-HfbEhwnGRrw" property="_nkr0S8qtEe-HfbEhwnGRrw" state="_nkr0TMqtEe-HfbEhwnGRrw" system="true" eltName="Generic">
    <content href="FilterRow_0.1.item#/"/>
  </TalendProperties:SQLPatternItem>
</xmi:XMI>
