<?xml version="1.0" encoding="UTF-8"?>
<xmi:XMI xmi:version="2.0" xmlns:xmi="http://www.omg.org/XMI" xmlns:TalendProperties="http://www.talend.org/properties">
  <TalendProperties:Property xmi:id="_nkr0QcqtEe-HfbEhwnGRrw" id="_nkr0QMqtEe-HfbEhwnGRrw" label="FilterColumns" version="0.1" item="_nkr0Q8qtEe-HfbEhwnGRrw">
    <author href="../../../talend.project#_mXiEoMqtEe-HfbEhwnGRrw"/>
    <additionalProperties xmi:id="_nkr0RMqtEe-HfbEhwnGRrw" key="created_product_fullname" value="Talend Open Studio for Data Integration"/>
    <additionalProperties xmi:id="_nkr0RcqtEe-HfbEhwnGRrw" key="created_product_version" value="8.0.1.20211109_1610"/>
    <additionalProperties xmi:id="_nkr0RsqtEe-HfbEhwnGRrw" key="created_date" value="2025-01-04T16:07:30.564+0100"/>
    <additionalProperties xmi:id="_nkr0R8qtEe-HfbEhwnGRrw" key="modified_product_fullname" value="Talend Open Studio for Data Integration"/>
    <additionalProperties xmi:id="_nkr0SMqtEe-HfbEhwnGRrw" key="modified_product_version" value="8.0.1.20211109_1610"/>
    <additionalProperties xmi:id="_nkr0ScqtEe-HfbEhwnGRrw" key="modified_date" value="2025-01-04T16:07:30.564+0100"/>
  </TalendProperties:Property>
  <TalendProperties:ItemState xmi:id="_nkr0QsqtEe-HfbEhwnGRrw" path="Generic/system"/>
  <TalendProperties:SQLPatternItem xmi:id="_nkr0Q8qtEe-HfbEhwnGRrw" property="_nkr0QcqtEe-HfbEhwnGRrw" state="_nkr0QsqtEe-HfbEhwnGRrw" system="true" eltName="Generic">
    <content href="FilterColumns_0.1.item#/"/>
  </TalendProperties:SQLPatternItem>
</xmi:XMI>
