<?xml version="1.0" encoding="UTF-8"?>
<xmi:XMI xmi:version="2.0" xmlns:xmi="http://www.omg.org/XMI" xmlns:TalendProperties="http://www.talend.org/properties">
  <TalendProperties:Property xmi:id="_nk52sMqtEe-HfbEhwnGRrw" id="_nk1lQMqtEe-HfbEhwnGRrw" label="MergeInsert" version="0.1" item="_nk52ssqtEe-HfbEhwnGRrw">
    <author href="../../../talend.project#_mXiEoMqtEe-HfbEhwnGRrw"/>
    <additionalProperties xmi:id="_nlRqIMqtEe-HfbEhwnGRrw" key="created_product_fullname" value="Talend Open Studio for Data Integration"/>
    <additionalProperties xmi:id="_nlRqIcqtEe-HfbEhwnGRrw" key="created_product_version" value="8.0.1.20211109_1610"/>
    <additionalProperties xmi:id="_nlRqIsqtEe-HfbEhwnGRrw" key="created_date" value="2025-01-04T16:07:30.626+0100"/>
    <additionalProperties xmi:id="_nlRqI8qtEe-HfbEhwnGRrw" key="modified_product_fullname" value="Talend Open Studio for Data Integration"/>
    <additionalProperties xmi:id="_nlRqJMqtEe-HfbEhwnGRrw" key="modified_product_version" value="8.0.1.20211109_1610"/>
    <additionalProperties xmi:id="_nlRqJcqtEe-HfbEhwnGRrw" key="modified_date" value="2025-01-04T16:07:30.626+0100"/>
  </TalendProperties:Property>
  <TalendProperties:ItemState xmi:id="_nk52scqtEe-HfbEhwnGRrw" path="Generic/system"/>
  <TalendProperties:SQLPatternItem xmi:id="_nk52ssqtEe-HfbEhwnGRrw" property="_nk52sMqtEe-HfbEhwnGRrw" state="_nk52scqtEe-HfbEhwnGRrw" system="true" eltName="Generic">
    <content href="MergeInsert_0.1.item#/"/>
  </TalendProperties:SQLPatternItem>
</xmi:XMI>
