<?xml version="1.0" encoding="UTF-8"?>
<xmi:XMI xmi:version="2.0" xmlns:xmi="http://www.omg.org/XMI" xmlns:TalendProperties="http://www.talend.org/properties">
  <TalendProperties:Property xmi:id="_nlRqJ8qtEe-HfbEhwnGRrw" id="_nlRqJsqtEe-HfbEhwnGRrw" label="MergeUpdate" version="0.1" item="_nlRqKcqtEe-HfbEhwnGRrw">
    <author href="../../../talend.project#_mXiEoMqtEe-HfbEhwnGRrw"/>
    <additionalProperties xmi:id="_nlY-4MqtEe-HfbEhwnGRrw" key="created_product_fullname" value="Talend Open Studio for Data Integration"/>
    <additionalProperties xmi:id="_nlY-4cqtEe-HfbEhwnGRrw" key="created_product_version" value="8.0.1.20211109_1610"/>
    <additionalProperties xmi:id="_nlY-4sqtEe-HfbEhwnGRrw" key="created_date" value="2025-01-04T16:07:30.638+0100"/>
    <additionalProperties xmi:id="_nlY-48qtEe-HfbEhwnGRrw" key="modified_product_fullname" value="Talend Open Studio for Data Integration"/>
    <additionalProperties xmi:id="_nlY-5MqtEe-HfbEhwnGRrw" key="modified_product_version" value="8.0.1.20211109_1610"/>
    <additionalProperties xmi:id="_nlY-5cqtEe-HfbEhwnGRrw" key="modified_date" value="2025-01-04T16:07:30.638+0100"/>
  </TalendProperties:Property>
  <TalendProperties:ItemState xmi:id="_nlRqKMqtEe-HfbEhwnGRrw" path="Generic/system"/>
  <TalendProperties:SQLPatternItem xmi:id="_nlRqKcqtEe-HfbEhwnGRrw" property="_nlRqJ8qtEe-HfbEhwnGRrw" state="_nlRqKMqtEe-HfbEhwnGRrw" system="true" eltName="Generic">
    <content href="MergeUpdate_0.1.item#/"/>
  </TalendProperties:SQLPatternItem>
</xmi:XMI>
