<?xml version="1.0" encoding="UTF-8"?>
<xmi:XMI xmi:version="2.0" xmlns:xmi="http://www.omg.org/XMI" xmlns:TalendProperties="http://www.talend.org/properties">
  <TalendProperties:Property xmi:id="_nlY-58qtEe-HfbEhwnGRrw" id="_nlY-5sqtEe-HfbEhwnGRrw" label="Rollback" version="0.1" item="_nlY-6cqtEe-HfbEhwnGRrw">
    <author href="../../../talend.project#_mXiEoMqtEe-HfbEhwnGRrw"/>
    <additionalProperties xmi:id="_nlY-6sqtEe-HfbEhwnGRrw" key="created_product_fullname" value="Talend Open Studio for Data Integration"/>
    <additionalProperties xmi:id="_nlY-68qtEe-HfbEhwnGRrw" key="created_product_version" value="8.0.1.20211109_1610"/>
    <additionalProperties xmi:id="_nlY-7MqtEe-HfbEhwnGRrw" key="created_date" value="2025-01-04T16:07:30.638+0100"/>
    <additionalProperties xmi:id="_nlY-7cqtEe-HfbEhwnGRrw" key="modified_product_fullname" value="Talend Open Studio for Data Integration"/>
    <additionalProperties xmi:id="_nlY-7sqtEe-HfbEhwnGRrw" key="modified_product_version" value="8.0.1.20211109_1610"/>
    <additionalProperties xmi:id="_nlY-78qtEe-HfbEhwnGRrw" key="modified_date" value="2025-01-04T16:07:30.638+0100"/>
  </TalendProperties:Property>
  <TalendProperties:ItemState xmi:id="_nlY-6MqtEe-HfbEhwnGRrw" path="Generic/system"/>
  <TalendProperties:SQLPatternItem xmi:id="_nlY-6cqtEe-HfbEhwnGRrw" property="_nlY-58qtEe-HfbEhwnGRrw" state="_nlY-6MqtEe-HfbEhwnGRrw" system="true" eltName="Generic">
    <content href="Rollback_0.1.item#/"/>
  </TalendProperties:SQLPatternItem>
</xmi:XMI>
