<?xml version="1.0" encoding="UTF-8"?>
<xmi:XMI xmi:version="2.0" xmlns:xmi="http://www.omg.org/XMI" xmlns:TalendProperties="http://www.talend.org/properties">
  <TalendProperties:Property xmi:id="_ng2dIMqtEe-HfbEhwnGRrw" id="_ngreAsqtEe-HfbEhwnGRrw" label="DataOperation" version="0.1" item="_ng2dIsqtEe-HfbEhwnGRrw">
    <author href="../../../talend.project#_mXiEoMqtEe-HfbEhwnGRrw"/>
    <additionalProperties xmi:id="_nhad0MqtEe-HfbEhwnGRrw" key="created_product_fullname" value="Talend Open Studio for Data Integration"/>
    <additionalProperties xmi:id="_nhad0cqtEe-HfbEhwnGRrw" key="created_product_version" value="8.0.1.20211109_1610"/>
    <additionalProperties xmi:id="_nhad0sqtEe-HfbEhwnGRrw" key="created_date" value="2025-01-04T16:07:30.221+0100"/>
    <additionalProperties xmi:id="_nhad08qtEe-HfbEhwnGRrw" key="modified_product_fullname" value="Talend Open Studio for Data Integration"/>
    <additionalProperties xmi:id="_nhad1MqtEe-HfbEhwnGRrw" key="modified_product_version" value="8.0.1.20211109_1610"/>
    <additionalProperties xmi:id="_nhad1cqtEe-HfbEhwnGRrw" key="modified_date" value="2025-01-04T16:07:30.221+0100"/>
  </TalendProperties:Property>
  <TalendProperties:ItemState xmi:id="_ng2dIcqtEe-HfbEhwnGRrw" path="system"/>
  <TalendProperties:RoutineItem xmi:id="_ng2dIsqtEe-HfbEhwnGRrw" property="_ng2dIMqtEe-HfbEhwnGRrw" state="_ng2dIcqtEe-HfbEhwnGRrw" builtIn="true">
    <content href="DataOperation_0.1.item#/"/>
  </TalendProperties:RoutineItem>
</xmi:XMI>
