<?xml version="1.0" encoding="UTF-8"?>
<xmi:XMI xmi:version="2.0" xmlns:xmi="http://www.omg.org/XMI" xmlns:TalendProperties="http://www.talend.org/properties">
  <TalendProperties:Property xmi:id="_nhad18qtEe-HfbEhwnGRrw" id="_nhad1sqtEe-HfbEhwnGRrw" label="Mathematical" version="0.1" item="_nhad2cqtEe-HfbEhwnGRrw">
    <author href="../../../talend.project#_mXiEoMqtEe-HfbEhwnGRrw"/>
    <additionalProperties xmi:id="_nhjnwMqtEe-HfbEhwnGRrw" key="created_product_fullname" value="Talend Open Studio for Data Integration"/>
    <additionalProperties xmi:id="_nhjnwcqtEe-HfbEhwnGRrw" key="created_product_version" value="8.0.1.20211109_1610"/>
    <additionalProperties xmi:id="_nhjnwsqtEe-HfbEhwnGRrw" key="created_date" value="2025-01-04T16:07:30.236+0100"/>
    <additionalProperties xmi:id="_nhjnw8qtEe-HfbEhwnGRrw" key="modified_product_fullname" value="Talend Open Studio for Data Integration"/>
    <additionalProperties xmi:id="_nhjnxMqtEe-HfbEhwnGRrw" key="modified_product_version" value="8.0.1.20211109_1610"/>
    <additionalProperties xmi:id="_nhjnxcqtEe-HfbEhwnGRrw" key="modified_date" value="2025-01-04T16:07:30.236+0100"/>
  </TalendProperties:Property>
  <TalendProperties:ItemState xmi:id="_nhad2MqtEe-HfbEhwnGRrw" path="system"/>
  <TalendProperties:RoutineItem xmi:id="_nhad2cqtEe-HfbEhwnGRrw" property="_nhad18qtEe-HfbEhwnGRrw" state="_nhad2MqtEe-HfbEhwnGRrw" builtIn="true">
    <content href="Mathematical_0.1.item#/"/>
  </TalendProperties:RoutineItem>
</xmi:XMI>
