<?xml version="1.0" encoding="UTF-8"?>
<xmi:XMI xmi:version="2.0" xmlns:xmi="http://www.omg.org/XMI" xmlns:TalendProperties="http://www.talend.org/properties">
  <TalendProperties:Property xmi:id="_nhtYwcqtEe-HfbEhwnGRrw" id="_nhtYwMqtEe-HfbEhwnGRrw" label="Numeric" version="0.1" item="_nhtYw8qtEe-HfbEhwnGRrw">
    <author href="../../../talend.project#_mXiEoMqtEe-HfbEhwnGRrw"/>
    <additionalProperties xmi:id="_nhtYxMqtEe-HfbEhwnGRrw" key="created_product_fullname" value="Talend Open Studio for Data Integration"/>
    <additionalProperties xmi:id="_nhtYxcqtEe-HfbEhwnGRrw" key="created_product_version" value="8.0.1.20211109_1610"/>
    <additionalProperties xmi:id="_nhtYxsqtEe-HfbEhwnGRrw" key="created_date" value="2025-01-04T16:07:30.252+0100"/>
    <additionalProperties xmi:id="_nhtYx8qtEe-HfbEhwnGRrw" key="modified_product_fullname" value="Talend Open Studio for Data Integration"/>
    <additionalProperties xmi:id="_nhtYyMqtEe-HfbEhwnGRrw" key="modified_product_version" value="8.0.1.20211109_1610"/>
    <additionalProperties xmi:id="_nhtYycqtEe-HfbEhwnGRrw" key="modified_date" value="2025-01-04T16:07:30.252+0100"/>
  </TalendProperties:Property>
  <TalendProperties:ItemState xmi:id="_nhtYwsqtEe-HfbEhwnGRrw" path="system"/>
  <TalendProperties:RoutineItem xmi:id="_nhtYw8qtEe-HfbEhwnGRrw" property="_nhtYwcqtEe-HfbEhwnGRrw" state="_nhtYwsqtEe-HfbEhwnGRrw" builtIn="true">
    <content href="Numeric_0.1.item#/"/>
  </TalendProperties:RoutineItem>
</xmi:XMI>
