<?xml version="1.0" encoding="UTF-8"?>
<xmi:XMI xmi:version="2.0" xmlns:xmi="http://www.omg.org/XMI" xmlns:TalendProperties="http://www.talend.org/properties">
  <TalendProperties:Property xmi:id="_niFMMcqtEe-HfbEhwnGRrw" id="_niFMMMqtEe-HfbEhwnGRrw" label="Relational" version="0.1" item="_niFMM8qtEe-HfbEhwnGRrw">
    <author href="../../../talend.project#_mXiEoMqtEe-HfbEhwnGRrw"/>
    <additionalProperties xmi:id="_niFMNMqtEe-HfbEhwnGRrw" key="created_product_fullname" value="Talend Open Studio for Data Integration"/>
    <additionalProperties xmi:id="_niFMNcqtEe-HfbEhwnGRrw" key="created_product_version" value="8.0.1.20211109_1610"/>
    <additionalProperties xmi:id="_niFMNsqtEe-HfbEhwnGRrw" key="created_date" value="2025-01-04T16:07:30.291+0100"/>
    <additionalProperties xmi:id="_niFMN8qtEe-HfbEhwnGRrw" key="modified_product_fullname" value="Talend Open Studio for Data Integration"/>
    <additionalProperties xmi:id="_niFMOMqtEe-HfbEhwnGRrw" key="modified_product_version" value="8.0.1.20211109_1610"/>
    <additionalProperties xmi:id="_niFMOcqtEe-HfbEhwnGRrw" key="modified_date" value="2025-01-04T16:07:30.291+0100"/>
  </TalendProperties:Property>
  <TalendProperties:ItemState xmi:id="_niFMMsqtEe-HfbEhwnGRrw" path="system"/>
  <TalendProperties:RoutineItem xmi:id="_niFMM8qtEe-HfbEhwnGRrw" property="_niFMMcqtEe-HfbEhwnGRrw" state="_niFMMsqtEe-HfbEhwnGRrw" builtIn="true">
    <content href="Relational_0.1.item#/"/>
  </TalendProperties:RoutineItem>
</xmi:XMI>
