<?xml version="1.0" encoding="UTF-8"?>
<xmi:XMI xmi:version="2.0" xmlns:xmi="http://www.omg.org/XMI" xmlns:TalendProperties="http://www.talend.org/properties">
  <TalendProperties:Property xmi:id="_niFMO8qtEe-HfbEhwnGRrw" id="_niFMOsqtEe-HfbEhwnGRrw" label="StringHandling" version="0.1" item="_niFMPcqtEe-HfbEhwnGRrw">
    <author href="../../../talend.project#_mXiEoMqtEe-HfbEhwnGRrw"/>
    <additionalProperties xmi:id="_niOWIMqtEe-HfbEhwnGRrw" key="created_product_fullname" value="Talend Open Studio for Data Integration"/>
    <additionalProperties xmi:id="_niOWIcqtEe-HfbEhwnGRrw" key="created_product_version" value="8.0.1.20211109_1610"/>
    <additionalProperties xmi:id="_niOWIsqtEe-HfbEhwnGRrw" key="created_date" value="2025-01-04T16:07:30.306+0100"/>
    <additionalProperties xmi:id="_niOWI8qtEe-HfbEhwnGRrw" key="modified_product_fullname" value="Talend Open Studio for Data Integration"/>
    <additionalProperties xmi:id="_niOWJMqtEe-HfbEhwnGRrw" key="modified_product_version" value="8.0.1.20211109_1610"/>
    <additionalProperties xmi:id="_niOWJcqtEe-HfbEhwnGRrw" key="modified_date" value="2025-01-04T16:07:30.306+0100"/>
  </TalendProperties:Property>
  <TalendProperties:ItemState xmi:id="_niFMPMqtEe-HfbEhwnGRrw" path="system"/>
  <TalendProperties:RoutineItem xmi:id="_niFMPcqtEe-HfbEhwnGRrw" property="_niFMO8qtEe-HfbEhwnGRrw" state="_niFMPMqtEe-HfbEhwnGRrw" builtIn="true">
    <content href="StringHandling_0.1.item#/"/>
  </TalendProperties:RoutineItem>
</xmi:XMI>
