<?xml version="1.0" encoding="UTF-8"?>
<xmi:XMI xmi:version="2.0" xmlns:xmi="http://www.omg.org/XMI" xmlns:TalendProperties="http://www.talend.org/properties">
  <TalendProperties:Property xmi:id="_niOWMcqtEe-HfbEhwnGRrw" id="_niOWMMqtEe-HfbEhwnGRrw" label="TalendDate" version="0.1" item="_niOWM8qtEe-HfbEhwnGRrw">
    <author href="../../../talend.project#_mXiEoMqtEe-HfbEhwnGRrw"/>
    <additionalProperties xmi:id="_niYHIMqtEe-HfbEhwnGRrw" key="created_product_fullname" value="Talend Open Studio for Data Integration"/>
    <additionalProperties xmi:id="_niYHIcqtEe-HfbEhwnGRrw" key="created_product_version" value="8.0.1.20211109_1610"/>
    <additionalProperties xmi:id="_niYHIsqtEe-HfbEhwnGRrw" key="created_date" value="2025-01-04T16:07:30.322+0100"/>
    <additionalProperties xmi:id="_niYHI8qtEe-HfbEhwnGRrw" key="modified_product_fullname" value="Talend Open Studio for Data Integration"/>
    <additionalProperties xmi:id="_niYHJMqtEe-HfbEhwnGRrw" key="modified_product_version" value="8.0.1.20211109_1610"/>
    <additionalProperties xmi:id="_niYHJcqtEe-HfbEhwnGRrw" key="modified_date" value="2025-01-04T16:07:30.322+0100"/>
  </TalendProperties:Property>
  <TalendProperties:ItemState xmi:id="_niOWMsqtEe-HfbEhwnGRrw" path="system"/>
  <TalendProperties:RoutineItem xmi:id="_niOWM8qtEe-HfbEhwnGRrw" property="_niOWMcqtEe-HfbEhwnGRrw" state="_niOWMsqtEe-HfbEhwnGRrw" builtIn="true">
    <content href="TalendDate_0.1.item#/"/>
  </TalendProperties:RoutineItem>
</xmi:XMI>
