<?xml version="1.0" encoding="UTF-8"?>
<xmi:XMI xmi:version="2.0" xmlns:xmi="http://www.omg.org/XMI" xmlns:TalendProperties="http://www.talend.org/properties">
  <TalendProperties:Property xmi:id="_niYHJ8qtEe-HfbEhwnGRrw" id="_niYHJsqtEe-HfbEhwnGRrw" label="TalendString" version="0.1" item="_niYHKcqtEe-HfbEhwnGRrw">
    <author href="../../../talend.project#_mXiEoMqtEe-HfbEhwnGRrw"/>
    <additionalProperties xmi:id="_niYHKsqtEe-HfbEhwnGRrw" key="created_product_fullname" value="Talend Open Studio for Data Integration"/>
    <additionalProperties xmi:id="_nih4IMqtEe-HfbEhwnGRrw" key="created_product_version" value="8.0.1.20211109_1610"/>
    <additionalProperties xmi:id="_nih4IcqtEe-HfbEhwnGRrw" key="created_date" value="2025-01-04T16:07:30.322+0100"/>
    <additionalProperties xmi:id="_nih4IsqtEe-HfbEhwnGRrw" key="modified_product_fullname" value="Talend Open Studio for Data Integration"/>
    <additionalProperties xmi:id="_nih4I8qtEe-HfbEhwnGRrw" key="modified_product_version" value="8.0.1.20211109_1610"/>
    <additionalProperties xmi:id="_nih4JMqtEe-HfbEhwnGRrw" key="modified_date" value="2025-01-04T16:07:30.322+0100"/>
  </TalendProperties:Property>
  <TalendProperties:ItemState xmi:id="_niYHKMqtEe-HfbEhwnGRrw" path="system"/>
  <TalendProperties:RoutineItem xmi:id="_niYHKcqtEe-HfbEhwnGRrw" property="_niYHJ8qtEe-HfbEhwnGRrw" state="_niYHKMqtEe-HfbEhwnGRrw" builtIn="true">
    <content href="TalendString_0.1.item#/"/>
  </TalendProperties:RoutineItem>
</xmi:XMI>
