<?xml version="1.0" encoding="UTF-8"?>
<xmi:XMI xmi:version="2.0" xmlns:xmi="http://www.omg.org/XMI" xmlns:TalendProperties="http://www.talend.org/properties">
  <TalendProperties:Property xmi:id="_nih4JsqtEe-HfbEhwnGRrw" id="_nih4JcqtEe-HfbEhwnGRrw" label="TalendStringUtil" version="0.1" item="_nih4KMqtEe-HfbEhwnGRrw">
    <author href="../../../talend.project#_mXiEoMqtEe-HfbEhwnGRrw"/>
    <additionalProperties xmi:id="_nih4KcqtEe-HfbEhwnGRrw" key="created_product_fullname" value="Talend Open Studio for Data Integration"/>
    <additionalProperties xmi:id="_nih4KsqtEe-HfbEhwnGRrw" key="created_product_version" value="8.0.1.20211109_1610"/>
    <additionalProperties xmi:id="_nih4K8qtEe-HfbEhwnGRrw" key="created_date" value="2025-01-04T16:07:30.338+0100"/>
    <additionalProperties xmi:id="_nih4LMqtEe-HfbEhwnGRrw" key="modified_product_fullname" value="Talend Open Studio for Data Integration"/>
    <additionalProperties xmi:id="_nih4LcqtEe-HfbEhwnGRrw" key="modified_product_version" value="8.0.1.20211109_1610"/>
    <additionalProperties xmi:id="_nih4LsqtEe-HfbEhwnGRrw" key="modified_date" value="2025-01-04T16:07:30.338+0100"/>
  </TalendProperties:Property>
  <TalendProperties:ItemState xmi:id="_nih4J8qtEe-HfbEhwnGRrw" path="system"/>
  <TalendProperties:RoutineItem xmi:id="_nih4KMqtEe-HfbEhwnGRrw" property="_nih4JsqtEe-HfbEhwnGRrw" state="_nih4J8qtEe-HfbEhwnGRrw" builtIn="true">
    <content href="TalendStringUtil_0.1.item#/"/>
  </TalendProperties:RoutineItem>
</xmi:XMI>
