<?xml version="1.0" encoding="UTF-8"?>
<xmi:XMI xmi:version="2.0" xmlns:xmi="http://www.omg.org/XMI" xmlns:TalendProperties="http://www.talend.org/properties">
  <TalendProperties:Property xmi:id="_niOWJ8qtEe-HfbEhwnGRrw" id="_niOWJsqtEe-HfbEhwnGRrw" label="TalendDataGenerator" version="0.1" item="_niOWKcqtEe-HfbEhwnGRrw">
    <author href="../../../talend.project#_mXiEoMqtEe-HfbEhwnGRrw"/>
    <additionalProperties xmi:id="_niOWKsqtEe-HfbEhwnGRrw" key="created_product_fullname" value="Talend Open Studio for Data Integration"/>
    <additionalProperties xmi:id="_niOWK8qtEe-HfbEhwnGRrw" key="created_product_version" value="8.0.1.20211109_1610"/>
    <additionalProperties xmi:id="_niOWLMqtEe-HfbEhwnGRrw" key="created_date" value="2025-01-04T16:07:30.306+0100"/>
    <additionalProperties xmi:id="_niOWLcqtEe-HfbEhwnGRrw" key="modified_product_fullname" value="Talend Open Studio for Data Integration"/>
    <additionalProperties xmi:id="_niOWLsqtEe-HfbEhwnGRrw" key="modified_product_version" value="8.0.1.20211109_1610"/>
    <additionalProperties xmi:id="_niOWL8qtEe-HfbEhwnGRrw" key="modified_date" value="2025-01-04T16:07:30.306+0100"/>
  </TalendProperties:Property>
  <TalendProperties:ItemState xmi:id="_niOWKMqtEe-HfbEhwnGRrw" path="system"/>
  <TalendProperties:RoutineItem xmi:id="_niOWKcqtEe-HfbEhwnGRrw" property="_niOWJ8qtEe-HfbEhwnGRrw" state="_niOWKMqtEe-HfbEhwnGRrw" builtIn="true">
    <content href="TalendDataGenerator_0.1.item#/"/>
  </TalendProperties:RoutineItem>
</xmi:XMI>
