<?xml version="1.0" encoding="UTF-8"?>
<xmi:XMI xmi:version="2.0" xmlns:xmi="http://www.omg.org/XMI" xmlns:TalendProperties="http://www.talend.org/properties">
  <TalendProperties:Property xmi:id="_nrC68cqtEe-HfbEhwnGRrw" id="_nrC68MqtEe-HfbEhwnGRrw" label="VerticaMergeInsert" version="0.1" item="_nrC688qtEe-HfbEhwnGRrw">
    <author href="../../../talend.project#_mXiEoMqtEe-HfbEhwnGRrw"/>
    <additionalProperties xmi:id="_nrC69MqtEe-HfbEhwnGRrw" key="created_product_fullname" value="Talend Open Studio for Data Integration"/>
    <additionalProperties xmi:id="_nrC69cqtEe-HfbEhwnGRrw" key="created_product_version" value="8.0.1.20211109_1610"/>
    <additionalProperties xmi:id="_nrC69sqtEe-HfbEhwnGRrw" key="created_date" value="2025-01-04T16:07:31.231+0100"/>
    <additionalProperties xmi:id="_nrC698qtEe-HfbEhwnGRrw" key="modified_product_fullname" value="Talend Open Studio for Data Integration"/>
    <additionalProperties xmi:id="_nrC6-MqtEe-HfbEhwnGRrw" key="modified_product_version" value="8.0.1.20211109_1610"/>
    <additionalProperties xmi:id="_nrC6-cqtEe-HfbEhwnGRrw" key="modified_date" value="2025-01-04T16:07:31.231+0100"/>
  </TalendProperties:Property>
  <TalendProperties:ItemState xmi:id="_nrC68sqtEe-HfbEhwnGRrw" path="Vertica/system"/>
  <TalendProperties:SQLPatternItem xmi:id="_nrC688qtEe-HfbEhwnGRrw" property="_nrC68cqtEe-HfbEhwnGRrw" state="_nrC68sqtEe-HfbEhwnGRrw" system="true" eltName="Vertica">
    <content href="VerticaMergeInsert_0.1.item#/"/>
  </TalendProperties:SQLPatternItem>
</xmi:XMI>
