<?xml version="1.0" encoding="UTF-8"?>
<xmi:XMI xmi:version="2.0" xmlns:xmi="http://www.omg.org/XMI" xmlns:TalendProperties="http://www.talend.org/properties">
  <TalendProperties:Property xmi:id="_nrME4cqtEe-HfbEhwnGRrw" id="_nrME4MqtEe-HfbEhwnGRrw" label="VerticaMergeUpdate" version="0.1" item="_nrME48qtEe-HfbEhwnGRrw">
    <author href="../../../talend.project#_mXiEoMqtEe-HfbEhwnGRrw"/>
    <additionalProperties xmi:id="_nrME5MqtEe-HfbEhwnGRrw" key="created_product_fullname" value="Talend Open Studio for Data Integration"/>
    <additionalProperties xmi:id="_nrME5cqtEe-HfbEhwnGRrw" key="created_product_version" value="8.0.1.20211109_1610"/>
    <additionalProperties xmi:id="_nrME5sqtEe-HfbEhwnGRrw" key="created_date" value="2025-01-04T16:07:31.246+0100"/>
    <additionalProperties xmi:id="_nrME58qtEe-HfbEhwnGRrw" key="modified_product_fullname" value="Talend Open Studio for Data Integration"/>
    <additionalProperties xmi:id="_nrME6MqtEe-HfbEhwnGRrw" key="modified_product_version" value="8.0.1.20211109_1610"/>
    <additionalProperties xmi:id="_nrME6cqtEe-HfbEhwnGRrw" key="modified_date" value="2025-01-04T16:07:31.246+0100"/>
  </TalendProperties:Property>
  <TalendProperties:ItemState xmi:id="_nrME4sqtEe-HfbEhwnGRrw" path="Vertica/system"/>
  <TalendProperties:SQLPatternItem xmi:id="_nrME48qtEe-HfbEhwnGRrw" property="_nrME4cqtEe-HfbEhwnGRrw" state="_nrME4sqtEe-HfbEhwnGRrw" system="true" eltName="Vertica">
    <content href="VerticaMergeUpdate_0.1.item#/"/>
  </TalendProperties:SQLPatternItem>
</xmi:XMI>
